Spelar,Lag,Lagkode,Posisjon,GW16,GW17,GW18,GW19,GW20,GW21,GW22,GW23,GW24,GW25,GW26,GW27,GW28,GW29,GW30,GW31,GW32,GW33,GW34,GW35,GW36,GW37,GW38,Totalt,Kj√∏pspris,Salgspris,Siffer
Aubameyang,Arsenal,1,3,4.86,5.5,5.64,5.8,4.78,4.53,4.25,5.09,5.46,4.05,4.51,5.24,4.55,4.88,4.2,4.98,6.22,5.1,5.29,6.21,3.95,5.19,5.49,116,11.4,11.4,0
Bellerin,Arsenal,1,2,3.67,4.09,4.44,4.5,3.49,3.05,3.31,3.47,3.95,2.4,3.08,4.03,3.05,3.53,2.55,3.92,4.69,3.59,4.01,4.56,2.41,3.97,4.14,84,5.1,5.1,1
Ceballos,Arsenal,1,3,0.96,1.02,1.08,1.1,1.02,1,1,1.08,1.16,1,1.08,1.21,1.13,1.19,1.11,1.27,1.44,1.28,1.33,1.46,1.13,1.34,1.39,27,4.7,4.7,2
Cedric,Arsenal,1,2,0.3,0.33,0.38,0.39,0.34,0.31,0.35,0.36,0.42,0.29,0.37,0.48,0.39,0.46,0.36,0.54,0.63,0.51,0.57,0.64,0.38,0.58,0.61,10,4.6,4.6,3
Chambers,Arsenal,1,2,0.09,0.09,0.09,0.09,0.08,0.07,0.07,0.08,0.08,0.06,0.07,0.08,0.07,0.08,0.07,0.08,0.09,0.08,0.08,0.09,0.06,0.08,0.08,2,4.5,4.5,4
David Luiz,Arsenal,1,2,1.47,1.68,1.99,2.08,1.81,1.63,1.82,1.9,2.23,1.47,1.91,2.52,1.97,2.33,1.77,2.73,3.25,2.55,2.89,3.29,1.81,2.93,3.07,51,5.4,5.4,5
Elneny,Arsenal,1,3,1.48,1.48,1.38,1.33,1.07,1.01,0.98,0.98,0.97,0.79,0.78,0.8,0.69,0.67,0.56,0.58,0.6,0.51,0.5,0.5,0.39,0.44,0.43,19,4.4,4.4,6
Gabriel,Arsenal,1,2,3.69,4.1,4.44,4.5,3.52,3.07,3.35,3.5,3.97,2.43,3.13,4.07,3.09,3.58,2.6,3.98,4.73,3.63,4.07,4.6,2.47,4.03,4.18,85,5,5,7
Guendouzi,Arsenal,1,3,0,0,0,0,0,0,0,0,0,0,0,0,0,0,0,0,0,0,0,0,0,0,0,0,4.7,4.7,8
Holding,Arsenal,1,2,2.1,2.21,2.25,2.2,1.63,1.39,1.54,1.5,1.64,1,1.24,1.55,1.14,1.28,0.89,1.33,1.49,1.13,1.25,1.35,0.76,1.19,1.2,33,4.4,4.4,9
Kolasinac,Arsenal,1,2,0.15,0.15,0.16,0.17,0.14,0.13,0.14,0.14,0.16,0.12,0.14,0.18,0.14,0.16,0.13,0.18,0.21,0.18,0.19,0.21,0.14,0.2,0.2,4,4.8,4.8,10
Lacazette,Arsenal,1,4,3.87,4.33,4.36,4.45,3.69,3.54,3.26,3.91,4.15,3.16,3.44,3.9,3.47,3.64,3.2,3.65,4.52,3.78,3.85,4.49,2.98,3.76,3.98,87,8.2,8.2,11
Leno,Arsenal,1,4,3.88,4.06,4.28,4.29,3.78,3.55,3.74,3.71,3.94,3.3,3.55,4.04,3.51,3.76,3.32,4,4.33,3.74,4.01,4.22,3.29,4,4.04,88,4.9,4.9,12
Macey,Arsenal,1,4,0.06,0.07,0.08,0.08,0.07,0.07,0.08,0.08,0.08,0.07,0.08,0.09,0.08,0.09,0.08,0.1,0.11,0.1,0.11,0.11,0.09,0.11,0.11,2,4,4,13
Maitland-Niles,Arsenal,1,2,0.73,0.79,0.83,0.84,0.68,0.61,0.67,0.68,0.78,0.51,0.64,0.82,0.64,0.74,0.56,0.83,0.97,0.77,0.85,0.96,0.55,0.85,0.89,17,4.6,4.6,14
Mari,Arsenal,1,2,0.24,0.27,0.32,0.33,0.3,0.27,0.31,0.32,0.38,0.26,0.34,0.44,0.36,0.42,0.33,0.5,0.59,0.48,0.54,0.61,0.36,0.55,0.58,9,4.4,4.4,15
Martinelli,Arsenal,1,3,0.28,0.3,0.29,0.3,0.27,0.26,0.26,0.28,0.3,0.25,0.27,0.3,0.28,0.29,0.27,0.31,0.35,0.31,0.32,0.36,0.27,0.32,0.33,7,4.9,4.9,16
Mustafi,Arsenal,1,2,0.24,0.26,0.29,0.3,0.26,0.23,0.26,0.26,0.31,0.21,0.26,0.34,0.27,0.32,0.25,0.37,0.43,0.35,0.39,0.44,0.26,0.4,0.41,7,5,5,17
Nelson,Arsenal,1,3,0.12,0.12,0.12,0.12,0.11,0.11,0.11,0.11,0.12,0.1,0.11,0.12,0.11,0.11,0.11,0.12,0.13,0.12,0.12,0.13,0.11,0.12,0.12,3,5.1,5.1,18
Nketiah,Arsenal,1,4,1.12,1.22,1.23,1.27,1.14,1.11,1.06,1.24,1.32,1.09,1.19,1.34,1.24,1.31,1.21,1.36,1.62,1.42,1.45,1.65,1.21,1.45,1.52,30,5.5,5.5,19
Ozil,Arsenal,1,3,0,0,0,0,0,0,0,0,0,0,0,0,0,0,0,0,0,0,0,0,0,0,0,0,6.8,6.8,20
Partey,Arsenal,1,3,1.28,1.75,2.4,2.58,2.38,2.3,2.25,2.47,2.63,2.14,2.3,2.58,2.33,2.44,2.2,2.52,2.93,2.53,2.61,2.91,2.11,2.58,2.69,55,4.9,4.9,21
Pepe,Arsenal,1,3,2.59,2.82,2.78,2.81,2.31,2.2,2.08,2.38,2.5,1.94,2.08,2.32,2.05,2.15,1.88,2.13,2.55,2.15,2.19,2.5,1.72,2.13,2.23,52,7.6,7.6,22
Runarsson,Arsenal,1,4,0.05,0.05,0.06,0.06,0.06,0.05,0.06,0.06,0.06,0.05,0.06,0.07,0.06,0.06,0.06,0.07,0.08,0.07,0.07,0.08,0.06,0.07,0.08,1,4.5,4.5,23
Saka,Arsenal,1,3,2.44,2.59,2.54,2.53,2.09,1.99,1.91,2.09,2.17,1.72,1.81,1.98,1.76,1.81,1.59,1.77,2.03,1.74,1.77,1.95,1.42,1.71,1.76,45,5.1,5.1,24
Saliba,Arsenal,1,2,0.38,0.43,0.51,0.54,0.48,0.44,0.49,0.51,0.61,0.42,0.54,0.71,0.57,0.68,0.53,0.81,0.96,0.77,0.87,0.98,0.57,0.89,0.93,15,4,4,25
Smith Rowe,Arsenal,1,3,0.06,0.06,0.06,0.06,0.06,0.06,0.06,0.06,0.06,0.06,0.06,0.07,0.06,0.07,0.06,0.07,0.07,0.07,0.07,0.07,0.07,0.07,0.07,1,4.4,4.4,26
Sokratis,Arsenal,1,2,0,0,0,0,0,0,0,0,0,0,0,0,0,0,0,0,0,0,0,0,0,0,0,0,4.8,4.8,27
Tierney,Arsenal,1,2,2.98,3.28,3.6,3.64,2.84,2.46,2.76,2.77,3.17,1.93,2.5,3.29,2.46,2.88,2.06,3.23,3.79,2.9,3.28,3.68,1.97,3.26,3.37,68,5.3,5.3,28
Torreira,Arsenal,1,3,0,0,0,0,0,0,0,0,0,0,0,0,0,0,0,0,0,0,0,0,0,0,0,0,4.7,4.7,29
Willian,Arsenal,1,3,3.87,4.31,4.39,4.49,3.74,3.56,3.37,3.93,4.19,3.2,3.51,4.02,3.53,3.75,3.27,3.81,4.66,3.88,4.01,4.63,3.08,3.94,4.14,89,7.6,7.6,30
Willock,Arsenal,1,3,0.23,0.23,0.21,0.21,0.18,0.17,0.17,0.18,0.18,0.15,0.16,0.17,0.15,0.15,0.14,0.15,0.16,0.15,0.15,0.16,0.13,0.14,0.14,4,4.7,4.7,31
Xhaka,Arsenal,1,3,2.31,2.46,2.55,2.58,2.22,2.14,2.1,2.25,2.41,1.97,2.09,2.33,2.12,2.2,1.99,2.26,2.6,2.26,2.31,2.57,1.89,2.29,2.39,52,5.2,5.2,32
Barkley,Aston Villa,2,3,1.97,2.33,2.98,3.36,3.53,3.27,3.59,3.2,3.34,3.39,3.36,3.28,3.62,3.46,4.2,2.71,2.86,4.16,3.18,3.17,3.57,2.89,3.07,74,5.9,5.9,33
Cash,Aston Villa,2,2,1.2,1.3,1.67,2.08,2.56,2.06,2.45,1.89,2.18,2.11,2,2.37,2.52,2.51,3.04,0.92,1.12,2.92,1.71,1.68,2.45,1.28,1.57,46,5,5,34
Davis,Aston Villa,2,4,0.41,0.37,0.33,0.36,0.37,0.36,0.39,0.37,0.39,0.4,0.4,0.4,0.43,0.42,0.49,0.39,0.4,0.5,0.43,0.44,0.46,0.42,0.43,9,4.3,4.3,35
Douglas Luiz,Aston Villa,2,3,1.96,1.96,2.06,2.19,2.26,2.12,2.28,2.11,2.15,2.18,2.13,2.17,2.25,2.2,2.51,1.83,1.92,2.47,2.03,2.05,2.22,1.91,2.01,49,4.9,4.9,36
El Ghazi,Aston Villa,2,3,2.13,1.99,1.87,1.96,1.88,1.71,1.82,1.6,1.58,1.53,1.45,1.35,1.41,1.3,1.42,0.95,0.96,1.26,0.97,0.94,1.01,0.84,0.86,33,5.7,5.7,37
El Mohamady,Aston Villa,2,2,0.21,0.2,0.2,0.23,0.28,0.25,0.29,0.24,0.28,0.28,0.28,0.31,0.34,0.34,0.41,0.21,0.23,0.42,0.3,0.29,0.38,0.26,0.29,7,4.3,4.3,38
Engels,Aston Villa,2,2,0.19,0.19,0.21,0.26,0.34,0.31,0.36,0.31,0.37,0.38,0.39,0.45,0.5,0.51,0.63,0.3,0.33,0.66,0.46,0.46,0.61,0.39,0.45,9,4.4,4.4,39
Grealish,Aston Villa,2,3,3.12,3.18,3.46,3.85,3.98,3.66,4.08,3.58,3.74,3.81,3.75,3.65,4.05,3.84,4.77,2.93,3.12,4.7,3.5,3.49,3.95,3.13,3.37,85,7.8,7.8,40
Guilbert,Aston Villa,2,2,0.11,0.11,0.12,0.14,0.18,0.16,0.19,0.16,0.19,0.19,0.19,0.22,0.24,0.25,0.3,0.14,0.16,0.31,0.22,0.22,0.29,0.19,0.21,4,4.3,4.3,41
Hause,Aston Villa,2,2,0.9,0.86,0.88,1.01,1.11,0.92,1.03,0.82,0.88,0.82,0.77,0.82,0.84,0.81,0.89,0.38,0.41,0.78,0.51,0.49,0.63,0.4,0.44,17,4.4,4.4,42
Heaton,Aston Villa,2,4,0.08,0.09,0.11,0.12,0.14,0.13,0.14,0.14,0.15,0.16,0.16,0.17,0.18,0.19,0.21,0.17,0.18,0.22,0.19,0.19,0.21,0.19,0.2,4,4.5,4.5,43
Hourihane,Aston Villa,2,3,0.85,0.75,0.69,0.74,0.77,0.73,0.79,0.73,0.75,0.77,0.76,0.75,0.81,0.79,0.93,0.66,0.69,0.92,0.75,0.75,0.82,0.69,0.73,18,6,6,44
Konsa,Aston Villa,2,2,1.33,1.63,1.99,2.43,2.93,2.42,2.81,2.22,2.55,2.46,2.39,2.7,2.92,2.88,3.49,1.26,1.45,3.37,2.09,2.03,2.86,1.63,1.91,54,4.8,4.8,45
Lansbury,Aston Villa,2,3,0,0,0,0,0,0,0,0,0,0,0,0,0,0,0,0,0,0,0,0,0,0,0,0,4.3,4.3,46
Martinez,Aston Villa,2,4,3.25,3.28,3.41,3.61,3.89,3.58,3.78,3.46,3.61,3.56,3.51,3.66,3.79,3.76,4.09,3.1,3.14,3.99,3.3,3.29,3.68,3.13,3.23,81,4.9,4.9,47
McGinn,Aston Villa,2,3,2.32,2.34,2.49,2.69,2.77,2.58,2.81,2.55,2.62,2.66,2.61,2.61,2.78,2.68,3.16,2.17,2.28,3.12,2.47,2.48,2.73,2.27,2.41,60,5.5,5.5,48
Mings,Aston Villa,2,2,1.48,1.59,1.98,2.43,2.95,2.4,2.82,2.21,2.53,2.45,2.35,2.69,2.9,2.86,3.47,1.18,1.38,3.34,2.02,1.98,2.81,1.56,1.86,53,5.3,5.3,49
Nakamba,Aston Villa,2,3,0.15,0.14,0.13,0.14,0.16,0.16,0.17,0.17,0.18,0.19,0.19,0.2,0.21,0.22,0.25,0.21,0.22,0.26,0.24,0.24,0.26,0.23,0.25,5,4.3,4.3,50
Nyland,Aston Villa,2,4,0,0,0,0,0,0,0,0,0,0,0,0,0,0,0,0,0,0,0,0,0,0,0,0,4,4,51
Ramsey,Aston Villa,2,3,0.15,0.13,0.11,0.12,0.12,0.12,0.12,0.11,0.12,0.12,0.11,0.11,0.11,0.11,0.12,0.1,0.1,0.11,0.1,0.1,0.11,0.1,0.1,3,4.5,4.5,52
Steer,Aston Villa,2,4,0.05,0.05,0.06,0.06,0.07,0.07,0.07,0.07,0.07,0.08,0.08,0.08,0.09,0.09,0.1,0.08,0.08,0.1,0.09,0.09,0.1,0.09,0.09,2,4,4,53
Targett,Aston Villa,2,2,1.41,1.51,1.89,2.33,2.83,2.3,2.7,2.11,2.43,2.34,2.25,2.59,2.77,2.75,3.32,1.12,1.31,3.19,1.93,1.89,2.69,1.49,1.77,51,4.6,4.6,54
Taylor,Aston Villa,2,2,0.2,0.18,0.19,0.22,0.27,0.23,0.26,0.22,0.25,0.25,0.25,0.28,0.3,0.31,0.36,0.16,0.18,0.36,0.24,0.24,0.32,0.21,0.23,6,4.3,4.3,55
Traore,Aston Villa,2,3,2.4,2.36,2.42,2.6,2.63,2.43,2.63,2.34,2.4,2.4,2.34,2.28,2.45,2.33,2.72,1.83,1.9,2.63,2.06,2.04,2.26,1.87,1.97,53,5.9,5.9,56
Trezeguet,Aston Villa,2,3,0.25,0.72,1.58,1.72,1.78,1.69,1.82,1.68,1.73,1.76,1.75,1.73,1.86,1.8,2.11,1.53,1.59,2.1,1.72,1.72,1.87,1.6,1.69,38,5.2,5.2,57
Vassilev,Aston Villa,2,4,0,0,0,0,0,0,0,0,0,0,0,0,0,0,0,0,0,0,0,0,0,0,0,0,4.3,4.3,58
Watkins,Aston Villa,2,4,3.32,3.37,3.62,3.99,4.08,3.79,4.18,3.71,3.86,3.93,3.88,3.71,4.14,3.9,4.83,3.08,3.27,4.77,3.63,3.61,4.03,3.28,3.49,87,6.1,6.1,59
Wesley,Aston Villa,2,4,0.25,0.24,0.25,0.28,0.33,0.34,0.37,0.36,0.39,0.42,0.44,0.44,0.49,0.48,0.57,0.45,0.47,0.59,0.5,0.51,0.54,0.48,0.5,10,6,6,60
Alzate,Brighton,3,3,0.61,0.56,0.52,0.59,0.71,0.63,0.59,0.7,0.73,0.77,0.76,0.75,0.75,0.84,0.73,0.82,0.74,0.85,0.88,0.81,0.89,0.78,0.8,17,4.3,4.3,61
Andone,Brighton,3,4,0.09,0.09,0.1,0.1,0.12,0.12,0.11,0.13,0.14,0.14,0.14,0.14,0.14,0.15,0.14,0.15,0.14,0.15,0.16,0.14,0.16,0.14,0.14,3,4.8,4.8,62
Bernardo,Brighton,3,2,0.3,0.31,0.16,0.27,0.38,0.25,0.18,0.34,0.33,0.38,0.35,0.31,0.31,0.39,0.23,0.32,0.22,0.36,0.36,0.31,0.37,0.22,0.26,7,3.9,3.9,63
Bissouma,Brighton,3,3,2.15,2.23,1.77,2.13,2.55,2.07,1.8,2.27,2.34,2.44,2.3,2.2,2.11,2.44,1.88,2.2,1.84,2.22,2.31,2.02,2.3,1.89,1.92,49,4.5,4.5,64
Burn,Brighton,3,2,0.62,0.65,0.32,0.58,0.83,0.54,0.38,0.75,0.72,0.84,0.77,0.69,0.68,0.88,0.51,0.72,0.49,0.83,0.81,0.71,0.84,0.48,0.58,15,4.3,4.3,65
Clarke,Brighton,3,2,0,0,0,0,0,0,0,0,0,0,0,0,0,0,0,0,0,0,0,0,0,0,0,0,4.4,4.4,66
Connolly,Brighton,3,4,1.12,1,0.89,1.03,1.18,1,0.92,1.07,1.14,1.14,1.12,1.07,1.04,1.17,0.97,1.09,0.96,1.07,1.15,0.99,1.13,0.98,0.99,24,5.3,5.3,67
Duffy,Brighton,3,2,0,0,0,0,0,0,0,0,0,0,0,0,0,0,0,0,0,0,0,0,0,0,0,0,4.3,4.3,68
Dunk,Brighton,3,2,2.4,2.89,1.16,2.48,3.67,2.16,1.33,3.07,2.94,3.44,3.05,2.62,2.55,3.42,1.69,2.61,1.57,2.99,2.94,2.42,3,1.53,1.88,58,4.8,4.8,69
Gross,Brighton,3,3,1.61,1.48,1.14,1.42,1.7,1.31,1.13,1.45,1.52,1.52,1.46,1.34,1.28,1.49,1.1,1.29,1.06,1.28,1.35,1.12,1.32,1.06,1.08,31,5.8,5.8,70
Izquierdo,Brighton,3,3,0.11,0.1,0.1,0.12,0.14,0.13,0.12,0.14,0.15,0.16,0.16,0.15,0.15,0.17,0.15,0.16,0.15,0.16,0.17,0.15,0.17,0.15,0.15,3,5.5,5.5,71
Jahanbakhsh,Brighton,3,3,0.19,0.17,0.16,0.18,0.22,0.19,0.18,0.21,0.22,0.23,0.23,0.22,0.22,0.25,0.21,0.24,0.21,0.24,0.25,0.23,0.25,0.22,0.23,5,5.4,5.4,72
Lallana,Brighton,3,3,2.56,2.6,2.13,2.61,3.15,2.51,2.2,2.78,2.93,2.99,2.89,2.7,2.62,3.05,2.33,2.74,2.29,2.75,2.91,2.47,2.88,2.35,2.4,61,6.2,6.2,73
Lamptey,Brighton,3,2,1.19,2.66,1.24,2.54,3.75,2.24,1.41,3.14,3.05,3.53,3.15,2.72,2.64,3.54,1.78,2.72,1.66,3.08,3.08,2.49,3.13,1.64,1.98,58,4.8,4.8,74
Mac Allister,Brighton,3,3,0.3,0.27,0.24,0.29,0.36,0.3,0.28,0.34,0.36,0.38,0.38,0.37,0.37,0.42,0.35,0.41,0.36,0.42,0.45,0.39,0.45,0.38,0.39,8,5.3,5.3,75
March,Brighton,3,3,2.79,2.84,2.25,2.81,3.4,2.65,2.29,2.97,3.1,3.18,3.05,2.83,2.73,3.2,2.39,2.82,2.32,2.85,3,2.53,2.96,2.36,2.43,64,5,5,76
Maupay,Brighton,3,4,3.14,3.1,2.58,3.23,3.92,3.05,2.65,3.34,3.66,3.6,3.53,3.26,3.12,3.68,2.76,3.28,2.69,3.19,3.51,2.81,3.42,2.75,2.8,73,6.1,6.1,77
Molumby,Brighton,3,3,0.1,0.09,0.08,0.09,0.1,0.09,0.09,0.09,0.09,0.1,0.09,0.09,0.09,0.09,0.09,0.09,0.09,0.09,0.09,0.09,0.09,0.09,0.09,2,4.5,4.5,78
Murray,Brighton,3,4,0,0,0,0,0,0,0,0,0,0,0,0,0,0,0,0,0,0,0,0,0,0,0,0,4.8,4.8,79
Propper,Brighton,3,3,0.19,0.16,0.15,0.16,0.19,0.17,0.16,0.18,0.18,0.19,0.18,0.18,0.18,0.2,0.17,0.19,0.17,0.19,0.2,0.18,0.2,0.18,0.18,4,4.8,4.8,80
Ryan,Brighton,3,4,1.23,1.39,1.31,1.47,1.84,1.56,1.49,1.83,1.82,2.04,1.97,1.9,1.94,2.22,1.87,2.09,1.9,2.29,2.26,2.16,2.33,2,2.06,43,4.4,4.4,81
Sanchez,Brighton,3,4,2.22,2.32,1.82,2.02,2.27,1.81,1.64,1.99,1.86,1.97,1.79,1.63,1.58,1.75,1.32,1.44,1.25,1.48,1.42,1.31,1.41,1.17,1.18,39,4.4,4.4,82
Steele,Brighton,3,4,0.03,0.04,0.03,0.03,0.04,0.03,0.03,0.04,0.04,0.04,0.04,0.04,0.04,0.04,0.03,0.04,0.03,0.04,0.04,0.03,0.04,0.03,0.03,1,4,4,83
Trossard,Brighton,3,3,2.93,2.94,2.38,2.98,3.65,2.82,2.44,3.15,3.36,3.4,3.29,3.04,2.93,3.46,2.57,3.06,2.5,3.05,3.28,2.7,3.22,2.56,2.62,68,5.8,5.8,84
Veltman,Brighton,3,2,1.86,2.12,0.87,1.68,2.28,1.38,0.9,1.85,1.69,1.91,1.66,1.4,1.34,1.69,0.88,1.23,0.79,1.35,1.28,1.08,1.28,0.71,0.83,32,4.3,4.3,85
Walton,Brighton,3,4,0.03,0.04,0.03,0.03,0.04,0.03,0.03,0.04,0.04,0.04,0.04,0.04,0.04,0.04,0.03,0.04,0.03,0.04,0.04,0.03,0.04,0.03,0.03,1,4,4,86
Webster,Brighton,3,2,2.33,2.79,1.17,2.4,3.5,2.1,1.34,2.97,2.8,3.29,2.93,2.52,2.47,3.26,1.67,2.5,1.56,2.89,2.81,2.37,2.88,1.5,1.85,56,4.4,4.4,87
Welbeck,Brighton,3,4,3.74,3.75,2.98,3.87,4.8,3.61,3.07,4.08,4.41,4.42,4.3,3.93,3.76,4.51,3.25,3.95,3.15,3.9,4.25,3.38,4.16,3.22,3.32,88,5.5,5.5,88
White,Brighton,3,2,2.09,2.55,0.99,2.12,3.12,1.85,1.14,2.67,2.46,2.96,2.6,2.24,2.2,2.92,1.45,2.22,1.35,2.6,2.49,2.13,2.56,1.29,1.62,50,4.4,4.4,89
Zeqiri,Brighton,3,4,0.11,0.1,0.1,0.1,0.11,0.1,0.1,0.11,0.11,0.11,0.11,0.11,0.11,0.12,0.11,0.12,0.11,0.11,0.12,0.11,0.12,0.11,0.11,3,5,5,90
Bardsley,Burnley,4,2,0.36,0.41,0,0.52,0.4,0.23,0.23,0.46,0.45,0.53,0.28,0.39,0.37,0.45,0.46,0.63,0.33,0.47,0.57,0.61,0.57,0.34,0.6,10,4.5,4.5,91
Barnes,Burnley,4,4,3.08,3.44,0,4.97,3.13,2.3,2.37,3,2.83,3.33,2.36,2.64,2.55,2.77,2.65,3.15,2.35,2.4,2.91,2.99,2.98,2.38,2.72,63,6,6,92
Benson,Burnley,4,3,0.61,0.62,0,0.87,0.46,0.37,0.37,0.42,0.38,0.39,0.3,0.3,0.28,0.28,0.24,0.26,0.2,0.2,0.21,0.21,0.2,0.17,0.18,8,4.5,4.5,93
Brady,Burnley,4,3,1,1.08,0,1.64,0.99,0.77,0.79,0.99,0.94,1.07,0.8,0.89,0.86,0.93,0.91,1.06,0.81,0.86,0.99,1.02,1.01,0.83,0.96,21,5,5,94
Brownhill,Burnley,4,3,2.05,2.11,0,3.16,1.75,1.44,1.45,1.69,1.59,1.69,1.34,1.41,1.35,1.4,1.32,1.46,1.18,1.22,1.32,1.33,1.3,1.14,1.25,34,4.9,4.9,95
Cork,Burnley,4,3,0.64,0.74,0,1.64,1.04,0.93,0.97,1.19,1.23,1.41,1.2,1.34,1.35,1.45,1.47,1.66,1.37,1.45,1.59,1.62,1.61,1.4,1.57,29,5,5,96
Driscoll-Glennon,Burnley,4,2,0.09,0.09,0,0.14,0.08,0.06,0.06,0.09,0.09,0.1,0.07,0.08,0.07,0.08,0.08,0.1,0.07,0.08,0.09,0.1,0.09,0.07,0.1,2,4,4,97
Dunne,Burnley,4,2,0.36,0.37,0,0.41,0.26,0.16,0.16,0.26,0.24,0.26,0.15,0.17,0.16,0.18,0.17,0.2,0.12,0.15,0.17,0.17,0.16,0.11,0.16,5,3.9,3.9,98
Gibson,Burnley,4,2,0,0,0,0,0,0,0,0,0,0,0,0,0,0,0,0,0,0,0,0,0,0,0,0,3.9,3.9,99
Goodridge,Burnley,4,3,0.09,0.09,0,0.16,0.08,0.08,0.08,0.08,0.08,0.08,0.07,0.08,0.07,0.08,0.08,0.08,0.07,0.08,0.08,0.08,0.08,0.07,0.08,2,4.5,4.5,100
Gudmundsson,Burnley,4,3,1.34,1.46,0,2.29,1.37,1.09,1.11,1.36,1.31,1.48,1.14,1.25,1.23,1.32,1.3,1.49,1.18,1.24,1.42,1.46,1.44,1.21,1.38,30,5.4,5.4,101
Long,Burnley,4,2,0.41,0.43,0,0.5,0.35,0.21,0.2,0.38,0.36,0.41,0.22,0.29,0.27,0.32,0.32,0.41,0.23,0.31,0.37,0.39,0.36,0.23,0.38,7,4.4,4.4,102
Lowton,Burnley,4,2,2.95,3.14,0,3.21,2.41,1.26,1.21,2.63,2.48,2.88,1.37,1.88,1.75,2.11,2.08,2.86,1.36,2.01,2.44,2.62,2.38,1.32,2.49,49,4.4,4.4,103
McNeil,Burnley,4,3,2.9,3.15,0,4.81,2.9,2.26,2.31,2.86,2.74,3.11,2.32,2.56,2.49,2.68,2.61,3.03,2.34,2.45,2.83,2.91,2.87,2.37,2.72,61,5.7,5.7,104
Mee,Burnley,4,2,3.26,3.5,0,3.61,2.75,1.43,1.38,2.98,2.8,3.31,1.57,2.16,2,2.43,2.39,3.3,1.57,2.29,2.82,3.03,2.77,1.54,2.86,56,4.9,4.9,105
Norris,Burnley,4,4,0.04,0.04,0,0.07,0.04,0.03,0.03,0.04,0.04,0.04,0.03,0.03,0.03,0.03,0.03,0.04,0.03,0.03,0.04,0.04,0.04,0.03,0.04,1,4,4,106
Peacock-Farrell,Burnley,4,4,0.07,0.08,0,0.15,0.09,0.08,0.08,0.1,0.1,0.11,0.09,0.1,0.1,0.11,0.11,0.13,0.11,0.12,0.12,0.13,0.12,0.11,0.13,2,4,4,107
Pieters,Burnley,4,2,1.18,1.24,0,1.34,0.93,0.54,0.52,0.97,0.91,1.03,0.55,0.7,0.65,0.75,0.73,0.95,0.51,0.69,0.81,0.86,0.79,0.49,0.81,18,4.3,4.3,108
Pope,Burnley,4,4,4.38,4.58,0,7.12,4.03,3.33,3.35,4.17,4.04,4.4,3.38,3.64,3.57,3.79,3.77,4.38,3.37,3.66,4.02,4.18,4,3.36,4.05,89,5.4,5.4,109
Richardson,Burnley,4,4,0.11,0.11,0,0.2,0.11,0.1,0.1,0.1,0.1,0.11,0.1,0.1,0.1,0.1,0.1,0.1,0.09,0.1,0.1,0.1,0.1,0.1,0.1,2,4.5,4.5,110
Rodriguez,Burnley,4,4,1.17,1.27,0,2.04,1.2,0.98,1,1.16,1.12,1.26,1,1.08,1.06,1.12,1.09,1.22,1.01,1.02,1.17,1.19,1.19,1.03,1.11,25,5.8,5.8,111
Stephens,Burnley,4,3,0.69,0.76,0,1.47,0.88,0.77,0.8,0.96,0.96,1.08,0.9,1,1,1.08,1.1,1.25,1.04,1.12,1.24,1.27,1.26,1.11,1.25,23,4.3,4.3,112
Tarkowski,Burnley,4,2,3.26,3.52,0,3.63,2.77,1.44,1.4,2.99,2.8,3.32,1.58,2.17,2.01,2.44,2.39,3.3,1.58,2.28,2.82,3.03,2.77,1.55,2.85,56,5.3,5.3,113
Taylor,Burnley,4,2,3.12,3.33,0,3.48,2.6,1.38,1.33,2.84,2.69,3.12,1.51,2.06,1.92,2.31,2.29,3.13,1.51,2.21,2.68,2.88,2.62,1.47,2.74,53,4.5,4.5,114
Thomas,Burnley,4,2,0.08,0.08,0,0.12,0.07,0.05,0.05,0.07,0.07,0.07,0.05,0.06,0.06,0.06,0.06,0.07,0.05,0.06,0.07,0.07,0.07,0.05,0.07,1,4,4,115
Thompson,Burnley,4,4,0.11,0.11,0,0.2,0.11,0.1,0.1,0.1,0.1,0.11,0.1,0.1,0.1,0.1,0.1,0.1,0.09,0.1,0.1,0.1,0.1,0.1,0.1,2,4.5,4.5,116
Vydra,Burnley,4,4,0.61,0.66,0,1.08,0.63,0.51,0.52,0.61,0.59,0.66,0.52,0.56,0.55,0.58,0.57,0.64,0.53,0.54,0.61,0.63,0.63,0.54,0.59,13,4.8,4.8,117
Westwood,Burnley,4,3,3.02,3.28,0,4.89,2.98,2.27,2.33,2.95,2.8,3.2,2.33,2.6,2.51,2.72,2.63,3.1,2.33,2.46,2.87,2.95,2.91,2.37,2.75,62,5.3,5.3,118
Wood,Burnley,4,4,3.93,4.41,0,6.45,4.07,2.98,3.06,3.91,3.71,4.37,3.09,3.44,3.35,3.64,3.51,4.18,3.1,3.17,3.85,4,3.95,3.13,3.62,83,6.2,6.2,119
Abraham,Chelsea,5,4,3.35,2.42,0,5.1,2.32,2.71,2.07,2.36,2.66,2.25,2.15,2.3,2.22,1.8,2.54,2.16,2.25,2.04,2.47,1.64,1.95,2.05,2.08,53,7.2,7.2,120
Alonso,Chelsea,5,2,0.48,0.3,0,0.77,0.4,0.47,0.31,0.43,0.49,0.41,0.38,0.44,0.43,0.3,0.56,0.5,0.53,0.47,0.6,0.3,0.45,0.49,0.48,10,5.7,5.7,121
Anjorin,Chelsea,5,3,0.06,0.05,0,0.11,0.05,0.06,0.05,0.06,0.06,0.06,0.06,0.06,0.06,0.06,0.07,0.07,0.07,0.07,0.07,0.06,0.07,0.07,0.07,1,4.5,4.5,122
Arrizabalaga,Chelsea,5,4,0.09,0.09,0,0.24,0.13,0.15,0.12,0.15,0.16,0.15,0.15,0.16,0.17,0.15,0.2,0.2,0.2,0.19,0.22,0.16,0.19,0.2,0.2,4,4.7,4.7,123
Azpilicueta,Chelsea,5,2,2.99,1.82,0,4.56,2.22,2.54,1.57,2.19,2.37,1.86,1.62,1.8,1.72,1.13,2,1.75,1.76,1.53,1.89,0.91,1.37,1.46,1.41,42,5.6,5.6,124
Caballero,Chelsea,5,4,0.06,0.06,0,0.15,0.08,0.09,0.07,0.08,0.09,0.08,0.08,0.09,0.09,0.08,0.11,0.1,0.11,0.1,0.12,0.09,0.1,0.1,0.1,2,4.7,4.7,125
Chilwell,Chelsea,5,2,4.04,2.53,0,7.24,3.71,4.37,2.65,3.87,4.38,3.49,3.1,3.59,3.51,2.26,4.51,3.97,4.12,3.59,4.64,2.06,3.35,3.62,3.57,82,6.1,6.1,126
Christensen,Chelsea,5,2,0.22,0.14,0,0.4,0.23,0.26,0.17,0.25,0.28,0.24,0.22,0.26,0.26,0.18,0.35,0.32,0.34,0.3,0.39,0.19,0.3,0.32,0.31,6,4.7,4.7,127
Emerson,Chelsea,5,2,1.12,0.67,0,1.5,0.73,0.81,0.5,0.69,0.73,0.56,0.48,0.52,0.48,0.31,0.52,0.44,0.43,0.37,0.43,0.21,0.31,0.32,0.3,12,4.7,4.7,128
Gilmour,Chelsea,5,3,0.13,0.11,0,0.23,0.12,0.13,0.12,0.13,0.14,0.14,0.14,0.15,0.15,0.14,0.18,0.17,0.17,0.17,0.19,0.15,0.17,0.18,0.18,3,4.4,4.4,129
Giroud,Chelsea,5,4,1.84,1.35,0,2.85,1.34,1.57,1.23,1.4,1.61,1.39,1.36,1.47,1.45,1.2,1.72,1.48,1.56,1.44,1.75,1.19,1.41,1.48,1.52,34,6.7,6.7,130
Havertz,Chelsea,5,3,2.78,2.15,0,5.17,2.57,2.99,2.31,2.72,3.13,2.72,2.66,2.92,2.88,2.37,3.54,3.1,3.28,3,3.69,2.41,2.97,3.14,3.19,66,8.2,8.2,131
Hudson-Odoi,Chelsea,5,3,0.83,0.62,0,1.28,0.62,0.72,0.57,0.65,0.74,0.65,0.63,0.68,0.68,0.57,0.8,0.71,0.74,0.69,0.82,0.57,0.68,0.71,0.72,16,5.7,5.7,132
James,Chelsea,5,2,4.02,2.51,0,7.11,3.66,4.31,2.61,3.82,4.32,3.45,3.07,3.55,3.47,2.22,4.47,3.94,4.09,3.56,4.61,2.04,3.33,3.6,3.54,81,5.3,5.3,133
Jorginho,Chelsea,5,3,0.67,0.51,0,1.12,0.57,0.65,0.52,0.61,0.7,0.62,0.62,0.68,0.67,0.57,0.83,0.74,0.79,0.73,0.88,0.61,0.74,0.77,0.78,15,4.8,4.8,134
Kante,Chelsea,5,3,2.68,2.16,0,4.86,2.43,2.69,2.14,2.47,2.71,2.38,2.32,2.47,2.41,2.05,2.79,2.53,2.62,2.42,2.83,2.01,2.39,2.48,2.46,56,4.9,4.9,135
Kovacic,Chelsea,5,3,1.66,1.3,0,2.64,1.28,1.41,1.13,1.27,1.38,1.2,1.16,1.22,1.18,1.01,1.31,1.18,1.22,1.12,1.29,0.94,1.09,1.13,1.11,28,5.3,5.3,136
Mendy,Chelsea,5,4,3.82,3.2,0,7.37,3.76,4.06,3.21,3.83,4.01,3.55,3.34,3.53,3.51,3.03,3.95,3.76,3.78,3.53,4,2.93,3.39,3.49,3.44,82,5.2,5.2,137
Mount,Chelsea,5,3,3.78,2.79,0,6.29,2.99,3.46,2.59,3.05,3.45,2.92,2.79,3.02,2.93,2.36,3.46,3,3.13,2.84,3.46,2.24,2.75,2.9,2.92,69,6.9,6.9,138
Pulisic,Chelsea,5,3,4.69,3.39,0,7.96,3.72,4.45,3.27,3.87,4.5,3.76,3.6,3.95,3.86,3.05,4.68,3.96,4.17,3.77,4.73,2.93,3.65,3.87,3.96,90,8.2,8.2,139
Rudiger,Chelsea,5,2,0.43,0.27,0,0.69,0.37,0.42,0.27,0.39,0.44,0.36,0.33,0.38,0.37,0.26,0.47,0.43,0.45,0.4,0.5,0.25,0.38,0.41,0.4,9,4.5,4.5,140
Thiago Silva,Chelsea,5,2,3.85,2.39,0,6.93,3.58,4.19,2.52,3.72,4.18,3.33,2.95,3.41,3.33,2.13,4.28,3.79,3.91,3.41,4.4,1.93,3.18,3.43,3.36,78,5.6,5.6,141
Tomori,Chelsea,5,2,0.23,0.16,0,0.43,0.24,0.28,0.18,0.26,0.3,0.26,0.24,0.28,0.28,0.2,0.37,0.35,0.36,0.33,0.41,0.21,0.32,0.34,0.34,6,4.7,4.7,142
Werner,Chelsea,5,4,5.2,3.83,0,8.92,4.17,4.96,3.73,4.35,5.03,4.26,4.11,4.5,4.4,3.53,5.28,4.5,4.74,4.32,5.34,3.42,4.2,4.45,4.56,102,9.3,9.3,143
Ziger,Chelsea,5,4,0.04,0.03,0,0.08,0.04,0.04,0.03,0.04,0.04,0.04,0.04,0.04,0.04,0.03,0.04,0.04,0.04,0.04,0.04,0.03,0.04,0.04,0.04,1,4,4,144
Ziyech,Chelsea,5,3,1.17,1.68,0,8.28,4.08,4.86,3.5,4.25,4.94,4.12,3.94,4.36,4.25,3.29,5.22,4.45,4.7,4.23,5.31,3.18,4.1,4.36,4.43,93,8.1,8.1,145
Zouma,Chelsea,5,2,3.74,2.32,0,6.66,3.44,4.01,2.4,3.56,3.97,3.16,2.78,3.21,3.13,1.99,4,3.55,3.66,3.18,4.09,1.79,2.96,3.19,3.12,74,5.8,5.8,146
Ayew,Crystal Palace,6,4,1.73,1.81,1.65,1.57,2.01,1.88,2.03,1.98,2.24,2.04,2.45,1.91,2.52,2.1,2.14,2.12,2.27,2.18,2.09,2.37,2.64,2.3,2.05,48,5.7,5.7,147
Batshuayi,Crystal Palace,6,4,0.3,0.3,0.27,0.26,0.34,0.31,0.34,0.34,0.38,0.35,0.42,0.33,0.44,0.37,0.38,0.38,0.41,0.39,0.38,0.43,0.48,0.42,0.38,8,5.7,5.7,148
Benteke,Crystal Palace,6,4,2.41,2.43,1.84,1.61,1.98,1.74,1.84,1.72,1.86,1.53,1.79,1.23,1.62,1.22,1.12,1.04,1.07,0.97,0.88,0.97,1.08,0.9,0.76,34,5.5,5.5,149
Butland,Crystal Palace,6,4,0.05,0.06,0.06,0.06,0.07,0.07,0.07,0.07,0.08,0.07,0.09,0.07,0.09,0.08,0.08,0.08,0.09,0.08,0.08,0.1,0.09,0.09,0.08,2,4.5,4.5,150
Cahill,Crystal Palace,6,2,0.68,1.6,0.95,0.6,1.41,1.37,1.45,1.2,1.65,1.31,1.73,0.88,1.66,1.06,1.08,1.01,1.27,1.1,0.81,1.5,1.43,1.17,0.73,28,4.5,4.5,151
Clyne,Crystal Palace,6,2,1.69,2.21,1.26,0.74,1.99,1.94,2.05,1.67,2.38,1.85,2.53,1.18,2.42,1.49,1.51,1.41,1.81,1.54,1.09,2.2,2.09,1.68,0.94,40,4.5,4.5,152
Dann,Crystal Palace,6,2,2.13,2.73,1.5,0.88,2.21,2.11,2.22,1.8,2.47,1.89,2.52,1.19,2.33,1.43,1.42,1.31,1.64,1.39,1.01,1.9,1.82,1.47,0.87,40,4.4,4.4,153
Eze,Crystal Palace,6,3,3.15,3.48,2.71,2.39,3.33,3.05,3.3,3.07,3.59,3.07,3.79,2.6,3.73,2.84,2.85,2.75,3.02,2.81,2.57,3.16,3.45,2.91,2.45,70,5.8,5.8,154
Ferguson,Crystal Palace,6,2,0.24,0.31,0.22,0.15,0.39,0.39,0.42,0.36,0.51,0.41,0.56,0.29,0.55,0.36,0.36,0.34,0.43,0.37,0.28,0.51,0.49,0.4,0.25,9,3.9,3.9,155
Guaita,Crystal Palace,6,4,3.43,3.88,3.15,3.03,3.61,3.55,3.64,3.35,3.89,3.44,3.97,3.06,3.84,3.2,3.19,3.15,3.34,3.19,3.05,3.6,3.51,3.26,3.01,78,4.9,4.9,156
Henderson,Crystal Palace,6,4,0.03,0.04,0.03,0.03,0.04,0.03,0.04,0.03,0.04,0.03,0.04,0.03,0.04,0.03,0.03,0.03,0.03,0.03,0.03,0.04,0.03,0.03,0.03,1,4,4,157
Hennessey,Crystal Palace,6,4,0.01,0.01,0.01,0.02,0.02,0.02,0.03,0.03,0.03,0.03,0.04,0.03,0.04,0.03,0.03,0.03,0.03,0.03,0.03,0.04,0.04,0.03,0.03,1,4.3,4.3,158
Kelly,Crystal Palace,6,2,0.07,0.13,0.16,0.12,0.3,0.29,0.31,0.25,0.35,0.28,0.37,0.19,0.35,0.23,0.24,0.22,0.28,0.24,0.18,0.33,0.31,0.26,0.16,6,4.1,4.1,159
Kouyate,Crystal Palace,6,3,2.36,2.55,2.12,1.95,2.45,2.33,2.42,2.29,2.59,2.3,2.67,2.05,2.63,2.18,2.16,2.13,2.26,2.15,2.03,2.36,2.46,2.22,1.96,53,5,5,160
McArthur,Crystal Palace,6,3,2.28,2.47,2,1.82,2.36,2.23,2.33,2.19,2.51,2.2,2.6,1.93,2.56,2.08,2.06,2.03,2.15,2.04,1.93,2.25,2.39,2.12,1.83,50,5.3,5.3,161
McCarthy,Crystal Palace,6,3,0.38,0.39,0.35,0.33,0.44,0.44,0.45,0.44,0.51,0.47,0.55,0.45,0.57,0.5,0.51,0.52,0.55,0.53,0.52,0.6,0.62,0.58,0.52,11,4.4,4.4,162
Meyer,Crystal Palace,6,3,0.21,0.21,0.19,0.18,0.23,0.22,0.23,0.22,0.25,0.24,0.28,0.22,0.28,0.25,0.25,0.25,0.27,0.26,0.25,0.29,0.3,0.28,0.25,6,4.7,4.7,163
Milivojevic,Crystal Palace,6,3,2.13,2.24,1.65,1.43,1.88,1.71,1.78,1.64,1.86,1.54,1.84,1.26,1.72,1.31,1.24,1.19,1.25,1.15,1.06,1.23,1.33,1.14,0.95,35,5.6,5.6,164
Mitchell,Crystal Palace,6,2,0.24,0.28,0.16,0.1,0.23,0.22,0.23,0.19,0.26,0.2,0.26,0.13,0.24,0.16,0.15,0.15,0.18,0.15,0.12,0.2,0.19,0.16,0.1,4,3.9,3.9,165
Pierrick,Crystal Palace,6,3,0.07,0.07,0.06,0.06,0.07,0.07,0.07,0.07,0.08,0.07,0.08,0.07,0.08,0.08,0.08,0.08,0.08,0.08,0.08,0.09,0.09,0.09,0.08,2,4.4,4.4,166
Riedewald,Crystal Palace,6,3,0.77,0.82,0.77,0.74,0.97,0.95,1.01,0.98,1.13,1.06,1.24,1.01,1.29,1.12,1.16,1.16,1.24,1.21,1.16,1.34,1.4,1.28,1.16,25,4.4,4.4,167
Sakho,Crystal Palace,6,2,0.24,0.53,0.32,0.2,0.48,0.47,0.5,0.41,0.57,0.45,0.6,0.31,0.58,0.37,0.38,0.36,0.45,0.39,0.29,0.53,0.51,0.42,0.26,10,4.4,4.4,168
Schlupp,Crystal Palace,6,3,2.25,2.38,1.84,1.63,2.09,1.92,2.02,1.88,2.11,1.81,2.13,1.53,2.03,1.6,1.55,1.5,1.58,1.48,1.37,1.6,1.71,1.49,1.28,41,5.4,5.4,169
Tomkins,Crystal Palace,6,2,0.5,0.6,0.36,0.23,0.56,0.54,0.58,0.48,0.68,0.54,0.73,0.37,0.71,0.46,0.47,0.45,0.56,0.49,0.37,0.67,0.65,0.54,0.33,12,4.5,4.5,170
Townsend,Crystal Palace,6,3,1.61,1.74,1.51,1.4,1.93,1.82,1.98,1.88,2.21,1.98,2.42,1.79,2.48,1.98,2.04,2.01,2.2,2.09,1.94,2.36,2.56,2.21,1.91,46,5.7,5.7,171
van Aanholt,Crystal Palace,6,2,2.88,3.72,2.16,1.32,3.32,3.11,3.38,2.8,3.88,2.99,4.12,1.96,3.94,2.41,2.44,2.27,2.87,2.45,1.79,3.36,3.36,2.63,1.57,65,5.4,5.4,172
Ward,Crystal Palace,6,2,0.9,1.08,0.59,0.34,0.83,0.8,0.82,0.66,0.9,0.68,0.88,0.42,0.8,0.5,0.48,0.44,0.54,0.46,0.33,0.62,0.58,0.47,0.28,14,4.3,4.3,173
Wickham,Crystal Palace,6,4,0.1,0.1,0.1,0.1,0.13,0.12,0.13,0.13,0.15,0.14,0.16,0.14,0.17,0.15,0.15,0.15,0.16,0.15,0.15,0.16,0.17,0.16,0.15,3,4.4,4.4,174
Woods,Crystal Palace,6,2,0.07,0.08,0.06,0.04,0.08,0.08,0.08,0.07,0.1,0.08,0.11,0.07,0.11,0.08,0.08,0.08,0.09,0.09,0.07,0.11,0.11,0.09,0.07,2,4,4,175
Zaha,Crystal Palace,6,3,3.69,4.11,3.14,2.73,4,3.58,3.94,3.67,4.36,3.65,4.67,3.05,4.61,3.4,3.41,3.29,3.63,3.35,3.05,3.8,4.29,3.51,2.88,84,7.5,7.5,176
Allan,Everton,7,3,0.4,1.35,1.98,2.08,2.1,2.34,2.06,1.85,2.4,1.76,2.2,1.82,2.35,2.23,2.34,2.12,2.02,1.92,2.28,2.1,2.34,2.17,1.77,46,5.3,5.3,177
Bernard,Everton,7,3,1.48,1.55,1.14,1.24,1.13,1.24,1.06,0.9,1.15,0.77,0.94,0.74,0.94,0.88,0.87,0.77,0.71,0.67,0.8,0.71,0.77,0.7,0.57,22,5.8,5.8,178
Branthwaite,Everton,7,2,0.16,0.23,0.21,0.22,0.26,0.34,0.27,0.21,0.39,0.19,0.37,0.25,0.47,0.45,0.53,0.47,0.4,0.39,0.55,0.51,0.64,0.57,0.31,8,3.9,3.9,179
Calvert-Lewin,Everton,7,4,3.72,4.72,3.73,4.52,4.35,5.05,4.33,3.64,5.37,3.38,4.62,3.48,4.96,4.82,4.93,4.25,4.01,3.7,4.99,4.24,4.76,4.12,3.31,99,7.9,7.9,180
Coleman,Everton,7,2,0.99,1.52,1.37,1.47,1.62,2.09,1.66,1.28,2.38,1.12,2.17,1.37,2.64,2.45,2.78,2.35,1.93,1.82,2.63,2.38,3.04,2.62,1.27,45,4.8,4.8,181
Davies,Everton,7,3,1.56,1.65,1.29,1.32,1.21,1.28,1.11,0.97,1.15,0.82,0.95,0.76,0.91,0.84,0.81,0.72,0.67,0.62,0.7,0.63,0.68,0.62,0.52,22,5.2,5.2,182
Delph,Everton,7,3,0,0,0,0,0,0,0,0,0,0,0,0,0,0,0,0,0,0,0,0,0,0,0,0,4.9,4.9,183
Digne,Everton,7,2,0,0,0.47,0.7,1.37,2.09,1.88,1.64,3.58,1.76,3.72,2.28,4.55,4.15,4.49,3.68,3.01,2.74,4.07,3.54,4.48,3.78,1.87,60,6,6,184
Doucoure,Everton,7,3,2.53,3.1,2.59,2.88,2.83,3.23,2.78,2.4,3.34,2.24,2.95,2.31,3.16,3.01,3.12,2.75,2.59,2.43,3.06,2.72,3.07,2.75,2.18,64,5.3,5.3,185
Gbamin,Everton,7,3,0.15,0.16,0.15,0.18,0.2,0.23,0.22,0.2,0.27,0.22,0.27,0.24,0.31,0.31,0.34,0.32,0.32,0.31,0.37,0.35,0.38,0.36,0.31,6,5,5,186
Godfrey,Everton,7,2,1.26,2.09,1.63,1.59,1.56,1.96,1.47,1.05,1.9,0.79,1.52,0.9,1.69,1.49,1.59,1.32,1.05,0.98,1.34,1.21,1.53,1.33,0.64,32,5,5,187
Gomes,Everton,7,3,1.73,2.23,1.95,2.07,2.09,2.33,2.04,1.83,2.4,1.73,2.19,1.79,2.33,2.22,2.33,2.1,2,1.9,2.27,2.08,2.33,2.15,1.75,48,5.3,5.3,188
Gordon,Everton,7,3,0.28,0.27,0.23,0.25,0.26,0.29,0.26,0.24,0.3,0.24,0.29,0.26,0.32,0.32,0.35,0.33,0.33,0.32,0.38,0.36,0.39,0.37,0.33,7,4.3,4.3,189
Holgate,Everton,7,2,1.83,3.21,2.59,2.72,2.79,3.62,2.72,1.95,3.82,1.53,3.19,1.82,3.7,3.32,3.63,2.97,2.4,2.18,3.24,2.84,3.66,3.11,1.43,64,4.8,4.8,190
Iwobi,Everton,7,3,2.11,2.31,1.75,1.89,1.7,1.84,1.59,1.36,1.69,1.16,1.37,1.09,1.34,1.26,1.21,1.07,0.99,0.92,1.08,0.96,1.04,0.94,0.78,31,5.9,5.9,191
Kean,Everton,7,4,0,0,0,0,0,0,0,0,0,0,0,0,0,0,0,0,0,0,0,0,0,0,0,0,5.7,5.7,192
Keane,Everton,7,2,1.59,2.52,1.91,1.92,1.82,2.25,1.71,1.24,2.14,0.94,1.68,1.02,1.81,1.6,1.66,1.37,1.11,1.03,1.39,1.24,1.52,1.31,0.7,35,5.1,5.1,193
Kenny,Everton,7,2,0.17,0.22,0.16,0.16,0.16,0.2,0.16,0.12,0.19,0.1,0.16,0.11,0.18,0.17,0.18,0.16,0.13,0.13,0.16,0.15,0.18,0.16,0.1,4,4.3,4.3,194
Lossl,Everton,7,4,0.03,0.04,0.04,0.04,0.04,0.04,0.04,0.03,0.04,0.03,0.04,0.03,0.04,0.04,0.04,0.04,0.03,0.03,0.04,0.04,0.04,0.04,0.03,1,4.3,4.3,195
Mina,Everton,7,2,1.79,3,2.36,2.44,2.4,3.05,2.31,1.68,3.09,1.31,2.52,1.5,2.84,2.55,2.73,2.26,1.83,1.69,2.4,2.13,2.68,2.29,1.15,52,5.5,5.5,196
Nkounkou,Everton,7,2,0.15,0.2,0.14,0.14,0.14,0.17,0.13,0.1,0.16,0.08,0.13,0.09,0.14,0.13,0.13,0.11,0.1,0.09,0.11,0.11,0.12,0.11,0.07,3,4,4,197
Olsen,Everton,7,4,0.45,0.52,0.44,0.43,0.4,0.44,0.37,0.33,0.4,0.29,0.33,0.26,0.32,0.29,0.28,0.24,0.21,0.2,0.22,0.2,0.22,0.2,0.16,7,4.5,4.5,198
Pickford,Everton,7,4,2.82,3.38,3.18,3.21,3.27,3.72,3.27,2.97,3.84,2.89,3.54,2.98,3.86,3.64,3.83,3.51,3.22,3.16,3.59,3.45,3.9,3.61,2.99,78,4.8,4.8,199
Richarlison,Everton,7,4,3.1,3.81,3.09,3.64,3.53,4.04,3.51,3.01,4.26,2.82,3.73,2.9,3.98,3.87,3.97,3.48,3.31,3.08,4.02,3.48,3.88,3.42,2.8,81,7.8,7.8,200
Rodriguez,Everton,7,3,2.61,4.41,3.65,4.35,4.2,4.93,4.17,3.47,5.21,3.19,4.46,3.31,4.85,4.67,4.82,4.16,3.86,3.58,4.83,4.14,4.72,4.08,3.16,95,7.7,7.7,201
Sigurdsson,Everton,7,3,2.43,2.78,2.06,2.26,2.03,2.24,1.9,1.59,2.07,1.34,1.65,1.27,1.63,1.53,1.48,1.28,1.18,1.09,1.32,1.15,1.26,1.12,0.91,38,6.8,6.8,202
Simms,Everton,7,4,0.07,0.07,0.07,0.07,0.07,0.08,0.07,0.07,0.08,0.08,0.08,0.08,0.09,0.09,0.1,0.1,0.1,0.1,0.11,0.11,0.11,0.11,0.1,2,4.5,4.5,203
Tosun,Everton,7,4,0.19,0.19,0.15,0.17,0.17,0.19,0.17,0.15,0.19,0.15,0.18,0.16,0.2,0.2,0.22,0.2,0.2,0.2,0.24,0.22,0.23,0.22,0.2,4,6,6,204
Virginia,Everton,7,4,0.03,0.04,0.04,0.04,0.04,0.04,0.04,0.03,0.04,0.03,0.04,0.03,0.04,0.04,0.04,0.04,0.03,0.03,0.04,0.04,0.04,0.04,0.03,1,4.3,4.3,205
Adarabioyo,Fulham,8,2,1.39,2.71,0,3.33,2.27,2.59,2.17,2.55,1.73,2.91,2.51,0.95,1.14,2.42,1.98,2.35,1.47,1.64,1.17,2.94,2.05,1.27,2.86,46,4.5,4.5,206
Aina,Fulham,8,2,1.33,2.5,0,3.09,2.07,2.35,1.97,2.29,1.58,2.59,2.25,0.91,1.06,2.14,1.77,2.07,1.33,1.47,1.08,2.55,1.81,1.16,2.48,42,4.5,4.5,207
Andersen,Fulham,8,2,1.13,2.31,0,2.75,1.9,2.16,1.82,2.14,1.41,2.48,2.11,0.73,0.9,2.01,1.61,1.99,1.19,1.35,0.93,2.48,1.7,1.01,2.4,39,4.5,4.5,208
Anguissa,Fulham,8,3,1.98,2.3,0,4.09,2.16,2.3,2.17,2.28,2.03,2.34,2.21,1.83,1.9,2.25,2.12,2.13,1.92,2,1.85,2.35,2.07,1.88,2.35,49,4.5,4.5,209
Areola,Fulham,8,4,3.03,3.4,0,6.09,3.2,3.32,3.16,3.29,3.02,3.47,3.28,2.94,2.95,3.21,3.06,3.2,2.92,2.96,2.9,3.46,3.07,2.91,3.42,72,4.5,4.5,210
Bettinelli,Fulham,8,4,0,0,0,0,0,0,0,0,0,0,0,0,0,0,0,0,0,0,0,0,0,0,0,0,4.4,4.4,211
Bryan,Fulham,8,2,0.35,0.61,0,0.88,0.58,0.65,0.57,0.66,0.49,0.78,0.69,0.33,0.39,0.71,0.62,0.72,0.5,0.55,0.43,0.91,0.67,0.46,0.91,13,4.6,4.6,212
Cairney,Fulham,8,3,1.42,1.69,0,3.22,1.76,1.91,1.82,1.93,1.75,2.05,1.96,1.63,1.72,2.11,2.03,2.02,1.83,1.94,1.78,2.36,2.05,1.84,2.39,43,5.3,5.3,213
Cavaleiro,Fulham,8,3,1.03,1.34,0,2.35,1.25,1.36,1.27,1.34,1.18,1.37,1.29,1.06,1.1,1.36,1.29,1.24,1.13,1.19,1.09,1.43,1.24,1.12,1.43,28,5.3,5.3,214
Christie,Fulham,8,2,0,0,0,0,0,0,0,0,0,0,0,0,0,0,0,0,0,0,0,0,0,0,0,0,4.3,4.3,215
Decordova-Reid,Fulham,8,4,2.41,2.91,0,5.13,2.75,3.04,2.81,2.98,2.61,3.05,2.85,2.27,2.39,3.04,2.87,2.7,2.45,2.6,2.34,3.18,2.71,2.4,3.2,63,5.3,5.3,216
Fabri,Fulham,8,4,0.03,0.03,0,0.06,0.03,0.03,0.03,0.03,0.03,0.04,0.03,0.03,0.03,0.03,0.03,0.03,0.03,0.03,0.03,0.04,0.03,0.03,0.04,1,4,4,217
Hector,Fulham,8,2,0.16,0.28,0,0.41,0.28,0.31,0.28,0.32,0.24,0.39,0.35,0.16,0.19,0.36,0.31,0.38,0.26,0.29,0.22,0.49,0.35,0.24,0.48,7,4.2,4.2,218
Johansen,Fulham,8,3,0,0,0,0,0,0,0,0,0,0,0,0,0,0,0,0,0,0,0,0,0,0,0,0,4.7,4.7,219
Kamara,Fulham,8,3,0.63,0.72,0,1.3,0.68,0.73,0.69,0.73,0.65,0.75,0.71,0.59,0.62,0.75,0.71,0.7,0.64,0.67,0.62,0.79,0.69,0.63,0.8,16,4.8,4.8,220
Kebano,Fulham,8,3,0.24,0.28,0,0.58,0.32,0.35,0.34,0.36,0.34,0.4,0.39,0.34,0.37,0.44,0.43,0.44,0.41,0.43,0.41,0.51,0.46,0.43,0.53,9,4.7,4.7,221
Knockaert,Fulham,8,3,0,0,0,0,0,0,0,0,0,0,0,0,0,0,0,0,0,0,0,0,0,0,0,0,5.1,5.1,222
Kongolo,Fulham,8,2,0.04,0.05,0,0.09,0.05,0.06,0.05,0.06,0.05,0.06,0.06,0.04,0.05,0.06,0.06,0.06,0.05,0.05,0.05,0.07,0.06,0.05,0.07,1,4.3,4.3,223
Le Marchand,Fulham,8,2,0.1,0.18,0,0.27,0.18,0.2,0.18,0.21,0.16,0.26,0.23,0.11,0.13,0.24,0.21,0.25,0.17,0.19,0.14,0.32,0.23,0.16,0.32,4,4.2,4.2,224
Lemina,Fulham,8,3,1.38,1.54,0,2.52,1.26,1.29,1.22,1.24,1.07,1.17,1.06,0.87,0.87,0.97,0.86,0.84,0.74,0.75,0.68,0.81,0.72,0.65,0.77,23,4.5,4.5,225
Loftus-Cheek,Fulham,8,3,2.05,2.41,0,4.06,2.13,2.29,2.12,2.22,1.93,2.21,2.05,1.65,1.7,2.06,1.91,1.83,1.65,1.72,1.57,2.03,1.76,1.58,2,45,5.9,5.9,226
Lookman,Fulham,8,3,2.73,3.39,0,5.8,3.15,3.5,3.21,3.42,2.93,3.52,3.26,2.5,2.64,3.45,3.22,3.06,2.71,2.89,2.57,3.64,3.04,2.64,3.65,71,5,5,227
Mawson,Fulham,8,2,0,0,0,0,0,0,0,0,0,0,0,0,0,0,0,0,0,0,0,0,0,0,0,0,4.3,4.3,228
McDonald,Fulham,8,3,0,0,0,0,0,0,0,0,0,0,0,0,0,0,0,0,0,0,0,0,0,0,0,0,4.7,4.7,229
Mitrovic,Fulham,8,4,2.45,2.95,0,5.32,2.87,3.2,2.96,3.14,2.77,3.23,3.04,2.44,2.58,3.31,3.16,2.93,2.68,2.87,2.58,3.53,3.01,2.67,3.58,67,5.5,5.5,230
Odoi,Fulham,8,2,0.2,0.34,0,0.46,0.3,0.34,0.29,0.34,0.24,0.39,0.34,0.15,0.18,0.34,0.29,0.34,0.23,0.25,0.19,0.42,0.31,0.21,0.41,7,4.3,4.3,231
Onomah,Fulham,8,3,0,0,0,0,0,0,0,0,0,0,0,0,0,0,0,0,0,0,0,0,0,0,0,0,4.7,4.7,232
Ream,Fulham,8,2,0.26,0.46,0,0.67,0.46,0.51,0.45,0.53,0.39,0.64,0.57,0.26,0.3,0.58,0.5,0.61,0.41,0.45,0.35,0.77,0.57,0.37,0.77,11,4.3,4.3,233
Reed,Fulham,8,3,1.37,1.61,0,3.05,1.63,1.75,1.69,1.78,1.61,1.88,1.79,1.51,1.59,1.91,1.82,1.85,1.67,1.76,1.63,2.11,1.84,1.67,2.13,40,4.4,4.4,234
Robinson,Fulham,8,2,1.14,2.32,0,2.8,1.92,2.19,1.85,2.17,1.43,2.5,2.13,0.74,0.92,2.05,1.65,2.01,1.21,1.37,0.95,2.51,1.72,1.03,2.44,39,4.4,4.4,235
Rodak,Fulham,8,4,0.12,0.15,0,0.32,0.18,0.19,0.19,0.2,0.19,0.23,0.22,0.21,0.22,0.24,0.24,0.25,0.24,0.24,0.24,0.29,0.26,0.25,0.3,5,4.3,4.3,236
Seri,Fulham,8,3,0,0,0,0,0,0,0,0,0,0,0,0,0,0,0,0,0,0,0,0,0,0,0,0,4.6,4.6,237
Sessegnon,Fulham,8,2,0,0,0,0,0,0,0,0,0,0,0,0,0,0,0,0,0,0,0,0,0,0,0,0,4.3,4.3,238
Tete,Fulham,8,2,0.24,0.44,0,0.79,0.55,0.63,0.56,0.65,0.48,0.75,0.67,0.31,0.36,0.66,0.56,0.65,0.44,0.49,0.37,0.79,0.58,0.4,0.78,12,4.3,4.3,239
Alioski,Leeds,9,2,2.78,1.56,0,4.74,2.28,1.66,1.88,2.35,1.36,1.57,1.83,1.55,1.21,1.76,1.69,0.71,0.92,1.05,1.24,1.02,1.35,1.15,1.47,37,4.4,4.4,240
Ayling,Leeds,9,2,2.99,1.7,0,5.94,2.98,2.12,2.52,3.32,1.89,2.37,2.85,2.49,1.94,3.12,3.28,1.11,1.67,2.03,2.59,2.08,2.97,2.47,3.35,58,4.5,4.5,241
Bamford,Leeds,9,4,4.65,3.53,0,9.04,4.41,3.81,4.24,4.71,3.55,3.58,4.72,4.02,3.67,4.62,4.5,3.11,3.56,3.79,4.04,3.8,4.28,4,5.04,95,6.4,6.4,242
Bogusz,Leeds,9,3,0,0,0,0,0,0,0,0,0,0,0,0,0,0,0,0,0,0,0,0,0,0,0,0,4.4,4.4,243
Caprile,Leeds,9,4,0.06,0.05,0,0.14,0.07,0.07,0.07,0.08,0.07,0.08,0.08,0.08,0.08,0.09,0.1,0.08,0.08,0.09,0.09,0.09,0.1,0.09,0.11,2,4,4,244
Casey,Leeds,9,2,0.1,0.08,0,0.2,0.1,0.09,0.09,0.1,0.08,0.09,0.1,0.09,0.08,0.1,0.1,0.07,0.08,0.09,0.1,0.09,0.1,0.1,0.11,2,3.9,3.9,245
Casilla,Leeds,9,4,0.06,0.05,0,0.14,0.07,0.07,0.07,0.08,0.07,0.08,0.08,0.08,0.08,0.09,0.1,0.08,0.08,0.09,0.09,0.09,0.1,0.09,0.11,2,4.2,4.2,246
Cooper,Leeds,9,2,1.25,1.52,0,5.67,2.84,1.99,2.39,3.19,1.77,2.26,2.72,2.37,1.83,3,3.18,0.99,1.56,1.93,2.49,1.99,2.87,2.37,3.24,53,4.4,4.4,247
Costa,Leeds,9,3,1.01,0.76,0,1.92,0.98,0.9,0.93,1.01,0.84,0.86,1,0.91,0.86,1,1,0.78,0.85,0.89,0.94,0.91,1,0.95,1.12,21,5.2,5.2,248
Dallas,Leeds,9,2,3.3,1.88,0,6.53,3.26,2.34,2.79,3.64,2.07,2.55,3.18,2.73,2.15,3.43,3.58,1.26,1.87,2.26,2.84,2.32,3.24,2.72,3.73,64,4.7,4.7,249
Davis,Leeds,9,2,0.61,0.33,0,0.9,0.43,0.33,0.35,0.42,0.25,0.28,0.3,0.25,0.2,0.26,0.24,0.12,0.14,0.15,0.17,0.14,0.18,0.15,0.18,6,3.9,3.9,250
Douglas,Leeds,9,2,0,0,0,0,0,0,0,0,0,0,0,0,0,0,0,0,0,0,0,0,0,0,0,0,3.8,3.8,251
Forshaw,Leeds,9,3,0.16,0.14,0,0.39,0.21,0.21,0.21,0.23,0.2,0.21,0.24,0.22,0.21,0.24,0.23,0.19,0.21,0.21,0.22,0.22,0.23,0.22,0.25,5,4.8,4.8,252
Grot,Leeds,9,3,0.1,0.1,0,0.25,0.13,0.13,0.13,0.14,0.12,0.12,0.13,0.12,0.12,0.13,0.13,0.11,0.12,0.12,0.13,0.12,0.13,0.13,0.14,3,4.7,4.7,253
Harrison,Leeds,9,3,3.52,2.75,0,6.87,3.38,2.95,3.23,3.59,2.78,2.86,3.52,3.1,2.85,3.5,3.47,2.47,2.76,2.92,3.12,2.94,3.3,3.09,3.76,73,5.4,5.4,254
Hernandez,Leeds,9,3,0.92,0.7,0,1.89,0.99,0.91,0.96,1.06,0.88,0.91,1.1,1,0.95,1.13,1.14,0.88,0.98,1.03,1.1,1.07,1.17,1.12,1.35,23,5.7,5.7,255
Jenkins,Leeds,9,3,0.11,0.09,0,0.2,0.1,0.1,0.1,0.1,0.09,0.09,0.09,0.09,0.09,0.09,0.09,0.09,0.09,0.09,0.09,0.09,0.09,0.09,0.1,2,4.5,4.5,256
Klich,Leeds,9,3,3.38,2.61,0,6.65,3.24,2.81,3.11,3.48,2.64,2.72,3.41,2.96,2.73,3.36,3.35,2.31,2.64,2.8,2.97,2.81,3.15,2.94,3.64,70,5.5,5.5,257
Koch,Leeds,9,2,0,0,0,0,0,0,0.39,0.59,0.55,0.86,1.25,1.37,1.27,2.22,2.79,1.03,1.57,1.95,2.54,2.04,2.92,2.44,3.26,29,4.4,4.4,258
Llorente,Leeds,9,2,2.26,1.25,0,3.65,1.71,1.24,1.37,1.69,0.96,1.09,1.2,0.99,0.75,1.04,0.94,0.38,0.48,0.52,0.6,0.48,0.62,0.52,0.63,24,4.4,4.4,259
Meslier,Leeds,9,4,3.83,3.26,0,7.62,3.83,3.38,3.57,4.02,3.29,3.49,3.72,3.55,3.3,3.9,4,3.12,3.22,3.32,3.59,3.35,3.81,3.53,4,83,4.6,4.6,260
Phillips,Leeds,9,3,2.64,2.12,0,5.29,2.59,2.28,2.49,2.77,2.17,2.26,2.68,2.39,2.25,2.67,2.71,1.94,2.17,2.29,2.42,2.31,2.56,2.39,2.86,56,4.9,4.9,261
Poveda-Ocampo,Leeds,9,3,0.32,0.25,0,0.63,0.33,0.31,0.32,0.34,0.3,0.31,0.35,0.32,0.31,0.35,0.35,0.29,0.31,0.32,0.34,0.33,0.36,0.35,0.4,7,4.4,4.4,262
Raphinha,Leeds,9,3,3.31,2.57,0,6.52,3.19,2.77,3.06,3.41,2.61,2.68,3.36,2.92,2.7,3.31,3.3,2.31,2.62,2.78,2.95,2.79,3.12,2.92,3.6,69,5.4,5.4,263
Roberts,Leeds,9,3,0.51,0.38,0,0.94,0.48,0.44,0.45,0.49,0.41,0.42,0.47,0.44,0.41,0.46,0.46,0.37,0.4,0.42,0.44,0.43,0.46,0.44,0.51,10,4.7,4.7,264
Rodrigo,Leeds,9,4,3.78,2.91,0,7.13,3.47,3.04,3.31,3.63,2.8,2.81,3.56,3.07,2.82,3.43,3.33,2.41,2.69,2.84,2.99,2.83,3.14,2.96,3.62,73,5.7,5.7,265
Shackleton,Leeds,9,3,0.47,0.35,0,0.86,0.44,0.4,0.41,0.44,0.38,0.38,0.43,0.39,0.37,0.42,0.41,0.33,0.36,0.37,0.39,0.38,0.41,0.39,0.45,9,4.8,4.8,266
Stevens,Leeds,9,3,0,0,0,0,0,0,0,0,0,0,0,0,0,0,0,0,0,0,0,0,0,0,0,0,4.3,4.3,267
Struijk,Leeds,9,2,0.79,0.44,0,1.44,0.74,0.56,0.62,0.79,0.49,0.59,0.68,0.6,0.49,0.72,0.74,0.31,0.42,0.5,0.61,0.51,0.69,0.59,0.77,14,3.9,3.9,268
Albrighton,Leicester,10,3,1.58,1.52,0,2.55,1.14,1.25,1.25,1.04,0.96,1.02,0.93,0.91,0.96,0.88,0.7,0.75,0.84,0.79,0.68,0.75,0.59,0.57,0.6,22,5.3,5.3,269
Amartey,Leicester,10,2,0.18,0.18,0,0.31,0.14,0.17,0.19,0.16,0.12,0.16,0.15,0.17,0.2,0.19,0.12,0.17,0.21,0.21,0.17,0.21,0.13,0.13,0.16,4,3.9,3.9,270
Barnes,Leicester,10,3,3.39,3.45,0,6.46,3.07,3.59,3.67,2.94,2.88,3.39,3.14,3.25,3.62,3.47,2.8,3.26,3.99,3.76,3.25,3.86,2.83,2.76,3.11,76,6.7,6.7,271
Benkovic,Leicester,10,2,0,0,0,0,0,0,0,0,0,0,0,0,0,0,0,0,0,0,0,0,0,0,0,0,4.3,4.3,272
Castagne,Leicester,10,2,3.77,3.8,0,6.46,2.92,3.74,4.06,3.09,2.37,3.28,3.03,3.37,4.15,3.8,2.18,3.27,4.31,4.2,3.28,4.24,2.35,2.21,2.85,77,5.7,5.7,273
Choudhury,Leicester,10,3,0.12,0.12,0,0.25,0.12,0.14,0.14,0.13,0.13,0.14,0.14,0.15,0.16,0.16,0.15,0.16,0.18,0.18,0.17,0.19,0.16,0.16,0.17,3,4.7,4.7,274
Evans,Leicester,10,2,2.71,2.68,0,4.36,1.91,2.45,2.68,2.08,1.48,2.04,1.92,2.13,2.65,2.38,1.29,1.99,2.59,2.56,1.97,2.55,1.38,1.29,1.68,49,5.5,5.5,275
Fofana,Leicester,10,2,3.28,3.29,0,5.5,2.46,3.15,3.46,2.69,1.94,2.72,2.55,2.86,3.56,3.23,1.76,2.74,3.58,3.55,2.75,3.55,1.92,1.8,2.35,65,5,5,276
Fuchs,Leicester,10,2,0.7,0.67,0,1.07,0.47,0.57,0.62,0.49,0.36,0.46,0.43,0.47,0.56,0.51,0.29,0.42,0.53,0.52,0.41,0.51,0.3,0.28,0.35,11,4.5,4.5,277
Gray,Leicester,10,3,0.16,0.16,0,0.34,0.17,0.19,0.19,0.17,0.17,0.19,0.19,0.2,0.22,0.22,0.2,0.22,0.25,0.25,0.23,0.26,0.21,0.21,0.23,5,5.2,5.2,278
Iheanacho,Leicester,10,4,0.61,0.6,0,1.1,0.52,0.58,0.58,0.48,0.48,0.53,0.5,0.5,0.54,0.52,0.45,0.49,0.57,0.54,0.49,0.55,0.44,0.43,0.47,12,5.6,5.6,279
James,Leicester,10,3,0,0,0,0,0,0,0,0,0,0,0,0,0,0,0,0,0,0,0,0,0,0,0,0,4.3,4.3,280
Justin,Leicester,10,2,2.87,2.8,0,4.41,1.92,2.39,2.58,2,1.46,1.94,1.78,1.93,2.3,2.07,1.18,1.7,2.14,2.08,1.63,2.03,1.18,1.12,1.38,45,4.9,4.9,281
Maddison,Leicester,10,3,3.74,3.82,0,7.14,3.37,3.98,4.06,3.22,3.15,3.73,3.45,3.57,4.02,3.82,3.04,3.56,4.42,4.17,3.56,4.27,3.05,2.97,3.4,84,7.1,7.1,282
Mendy,Leicester,10,3,0.34,0.33,0,0.6,0.28,0.3,0.3,0.28,0.26,0.27,0.27,0.27,0.29,0.27,0.24,0.26,0.28,0.28,0.25,0.28,0.23,0.23,0.25,6,4.5,4.5,283
Morgan,Leicester,10,2,0.2,0.2,0,0.35,0.16,0.2,0.21,0.18,0.14,0.18,0.17,0.19,0.23,0.21,0.14,0.19,0.24,0.24,0.2,0.24,0.16,0.15,0.18,4,4.4,4.4,284
Ndidi,Leicester,10,3,2.23,2.25,0,4.31,2.05,2.31,2.35,2.06,1.97,2.18,2.13,2.18,2.41,2.29,1.95,2.17,2.51,2.45,2.18,2.48,1.96,1.92,2.12,50,4.8,4.8,285
Pereira,Leicester,10,2,1.41,1.57,0,3.62,1.85,2.41,2.71,2.21,1.79,2.56,2.47,2.85,3.59,3.35,1.95,2.96,3.89,3.82,2.99,3.86,2.15,2.02,2.6,59,5.9,5.9,286
Perez,Leicester,10,3,1.49,1.5,0,2.84,1.36,1.56,1.59,1.32,1.29,1.49,1.4,1.45,1.6,1.54,1.28,1.47,1.76,1.69,1.49,1.73,1.32,1.29,1.44,34,6,6,287
Praet,Leicester,10,3,0.47,0.47,0,0.94,0.46,0.51,0.52,0.46,0.45,0.51,0.49,0.51,0.56,0.54,0.48,0.54,0.62,0.61,0.55,0.63,0.51,0.5,0.55,12,5.3,5.3,288
Schmeichel,Leicester,10,4,3.81,3.81,0,7.08,3.39,3.71,3.92,3.52,3.19,3.5,3.42,3.58,4,3.8,3.13,3.52,3.97,3.97,3.52,3.97,3.17,3.13,3.32,82,5.5,5.5,289
Slimani,Leicester,10,4,0.15,0.15,0,0.3,0.15,0.16,0.17,0.15,0.15,0.16,0.16,0.16,0.18,0.17,0.16,0.17,0.2,0.19,0.18,0.2,0.17,0.17,0.18,4,4.9,4.9,290
Soyuncu,Leicester,10,2,2.8,3.02,0,5.1,2.29,2.94,3.24,2.55,1.81,2.55,2.41,2.72,3.4,3.09,1.67,2.63,3.43,3.42,2.65,3.42,1.85,1.73,2.26,61,5.3,5.3,291
Thomas,Leicester,10,2,0.19,0.19,0,0.34,0.16,0.19,0.21,0.17,0.14,0.17,0.17,0.18,0.22,0.2,0.14,0.19,0.23,0.23,0.19,0.23,0.15,0.14,0.17,4,4.2,4.2,292
Tielemans,Leicester,10,3,3.17,3.2,0,5.97,2.82,3.25,3.31,2.73,2.63,3.03,2.84,2.92,3.25,3.09,2.52,2.88,3.47,3.31,2.87,3.36,2.51,2.45,2.75,68,6.4,6.4,293
Under,Leicester,10,3,1.09,1.12,0,2.25,1.1,1.27,1.31,1.1,1.1,1.27,1.22,1.27,1.42,1.38,1.19,1.36,1.64,1.58,1.4,1.64,1.26,1.24,1.39,30,5.8,5.8,294
Vardy,Leicester,10,4,5.24,5.39,0,10,4.73,5.67,5.78,4.4,4.38,5.33,4.82,5.01,5.63,5.38,4.21,5.01,6.36,5.89,4.99,6.07,4.23,4.1,4.75,117,10.2,10.2,295
Ward,Leicester,10,4,0.11,0.12,0,0.24,0.12,0.13,0.14,0.13,0.12,0.14,0.14,0.15,0.17,0.16,0.14,0.16,0.18,0.18,0.16,0.19,0.15,0.15,0.16,3,4.4,4.4,296
Adrian,Liverpool,11,4,0.07,0.06,0,0.12,0.05,0.06,0.06,0.05,0.05,0.05,0.06,0.06,0.05,0.05,0.04,0.05,0.05,0.05,0.04,0.05,0.05,0.05,0.05,1,4.3,4.3,297
Alexander-Arnold,Liverpool,11,2,4.94,4.37,0,9.31,3.31,4.35,5,3.11,3.86,4.41,4.7,5.64,3.98,3.62,3.52,4.88,4.25,5.31,3.23,4.78,4.88,4.85,5.21,102,7.2,7.2,298
Alisson,Liverpool,11,4,4.05,3.79,0,7.83,3.35,3.78,4.07,3.27,3.57,3.77,4.03,4.35,3.73,3.48,3.47,3.94,3.74,4.24,3.35,4.01,4.02,4.1,4.23,88,5.9,5.9,299
Cain,Liverpool,11,3,0.11,0.1,0,0.19,0.08,0.09,0.09,0.08,0.08,0.09,0.09,0.09,0.08,0.08,0.08,0.08,0.08,0.09,0.08,0.08,0.09,0.08,0.09,2,4.5,4.5,300
Chamberlain,Liverpool,11,3,0.72,0.68,0,1.44,0.62,0.69,0.74,0.61,0.63,0.68,0.67,0.78,0.61,0.6,0.58,0.71,0.64,0.72,0.56,0.68,0.69,0.67,0.7,15,6.3,6.3,301
Clarkson,Liverpool,11,3,0.11,0.1,0,0.19,0.08,0.09,0.09,0.08,0.08,0.09,0.09,0.09,0.08,0.08,0.08,0.08,0.08,0.09,0.08,0.08,0.09,0.08,0.09,2,4.5,4.5,302
Elliott,Liverpool,11,3,0,0,0,0,0,0,0,0,0,0,0,0,0,0,0,0,0,0,0,0,0,0,0,0,4.3,4.3,303
Fabinho,Liverpool,11,3,2.61,2.45,0,5.06,2.14,2.38,2.58,2.12,2.22,2.38,2.37,2.66,2.16,2.12,2.04,2.41,2.2,2.47,1.94,2.32,2.32,2.28,2.4,54,5.4,5.4,304
Firmino,Liverpool,11,4,4.81,4.46,0,9.38,3.88,4.43,4.84,3.87,4.17,4.58,4.41,5.34,3.88,4,3.87,4.99,4.43,5.03,3.78,4.67,4.84,4.58,4.9,103,9.3,9.3,305
Gomez,Liverpool,11,2,0,0,0,0,0,0,0,0,0.42,0.58,0.79,1.07,1,0.99,1.25,1.82,1.77,2.42,1.56,2.51,2.57,2.72,3.04,25,5.3,5.3,306
Harry Wilson,Liverpool,11,3,0,0,0,0,0,0,0,0,0,0,0,0,0,0,0,0,0,0,0,0,0,0,0,0,5.1,5.1,307
Henderson,Liverpool,11,3,3.25,3.03,0,6.31,2.66,2.99,3.24,2.63,2.81,3.02,3,3.46,2.71,2.69,2.61,3.17,2.88,3.25,2.52,3.03,3.09,3,3.17,69,5.4,5.4,308
Jones,Liverpool,11,3,2.24,2.04,0,3.84,1.54,1.68,1.76,1.43,1.39,1.4,1.31,1.39,1.07,0.98,0.85,0.95,0.82,0.86,0.65,0.73,0.71,0.68,0.67,29,4.4,4.4,309
Jota,Liverpool,11,3,0,0,0,0.63,0.47,0.63,0.83,0.75,0.98,1.23,1.29,1.59,1.18,1.17,1.12,1.44,1.27,1.45,1.07,1.33,1.36,1.3,1.38,22,6.7,6.7,310
Keita,Liverpool,11,3,1.66,1.55,0,3.12,1.31,1.45,1.55,1.28,1.29,1.36,1.32,1.5,1.18,1.14,1.09,1.3,1.17,1.29,1.01,1.19,1.21,1.17,1.22,30,5.2,5.2,311
Kelleher,Liverpool,11,4,0.14,0.13,0,0.28,0.12,0.14,0.15,0.12,0.13,0.14,0.15,0.17,0.14,0.14,0.14,0.16,0.15,0.17,0.13,0.16,0.16,0.17,0.17,3,4.5,4.5,312
Mane,Liverpool,11,3,5.89,5.37,0,11.48,4.55,5.36,5.98,4.53,5,5.61,5.41,6.8,4.65,4.81,4.63,6.28,5.44,6.4,4.5,5.85,6.09,5.73,6.23,127,11.9,11.9,313
Matip,Liverpool,11,2,3.57,3.09,0,6.06,2.08,2.68,3.01,1.85,2.19,2.37,2.48,2.79,2,1.7,1.57,2.03,1.75,2.1,1.28,1.8,1.81,1.8,1.86,52,5.4,5.4,314
Milner,Liverpool,11,3,0.43,0.53,0,1.29,0.54,0.6,0.65,0.53,0.54,0.58,0.57,0.66,0.51,0.5,0.48,0.59,0.53,0.59,0.46,0.55,0.56,0.54,0.57,13,5.3,5.3,315
Minamino,Liverpool,11,3,1.52,1.38,0,2.63,1.06,1.16,1.23,0.99,0.99,1.02,0.96,1.09,0.82,0.78,0.71,0.85,0.75,0.82,0.63,0.73,0.74,0.71,0.73,22,6,6,316
Neco Williams,Liverpool,11,2,0.59,0.54,0,1.12,0.4,0.52,0.59,0.37,0.44,0.49,0.53,0.6,0.46,0.39,0.38,0.5,0.44,0.54,0.34,0.49,0.49,0.5,0.52,11,4,4,317
Origi,Liverpool,11,4,0.4,0.38,0,0.74,0.32,0.34,0.36,0.31,0.31,0.33,0.31,0.36,0.28,0.28,0.27,0.32,0.29,0.32,0.26,0.3,0.3,0.29,0.3,7,5.2,5.2,318
Phillips,Liverpool,11,2,0.46,0.4,0,0.71,0.25,0.3,0.33,0.21,0.23,0.24,0.25,0.27,0.2,0.16,0.15,0.18,0.15,0.18,0.12,0.15,0.15,0.15,0.15,5,4,4,319
Rhys Williams,Liverpool,11,2,0.59,0.51,0,0.92,0.31,0.39,0.42,0.27,0.29,0.31,0.31,0.33,0.25,0.2,0.18,0.21,0.18,0.21,0.14,0.18,0.18,0.17,0.17,7,4,4,320
Robertson,Liverpool,11,2,4.88,4.32,0,9.13,3.27,4.28,4.89,3.06,3.79,4.29,4.61,5.44,3.91,3.52,3.44,4.69,4.12,5.1,3.15,4.6,4.7,4.69,5,99,7.3,7.3,321
Salah,Liverpool,11,3,7.4,6.72,0,14.35,5.64,6.71,7.49,5.6,6.24,7.03,6.77,8.58,5.76,5.97,5.76,7.92,6.84,8.06,5.6,7.34,7.69,7.21,7.84,159,12.5,12.5,322
Shaqiri,Liverpool,11,3,0.2,0.22,0,0.53,0.23,0.25,0.27,0.22,0.23,0.25,0.24,0.28,0.22,0.21,0.2,0.25,0.22,0.25,0.2,0.23,0.24,0.23,0.24,5,6.4,6.4,323
Thiago,Liverpool,11,3,0,0,0,0,0,0,0,0,0,0,0,0,0,0.49,0.61,0.82,0.83,1.03,0.9,1.17,1.24,1.26,1.46,10,5.7,5.7,324
Tsimikas,Liverpool,11,2,0,0,0,0.31,0.2,0.29,0.4,0.3,0.44,0.56,0.65,0.77,0.59,0.51,0.49,0.64,0.57,0.7,0.44,0.63,0.63,0.64,0.67,10,4.9,4.9,325
van Dijk,Liverpool,11,2,0.86,0.97,0,3.57,1.64,2.22,2.7,1.82,2.43,2.96,3.47,4.29,3.29,3,3.04,4.14,3.67,4.59,2.82,4.16,4.23,4.27,4.54,69,6.3,6.3,326
Wijnaldum,Liverpool,11,3,2.58,2.37,0,4.55,1.89,2.06,2.16,1.78,1.79,1.82,1.76,1.89,1.51,1.41,1.3,1.47,1.31,1.41,1.11,1.25,1.25,1.21,1.23,39,5.3,5.3,327
Aguero,Man City,12,4,2.92,2.61,3.55,3.74,3.8,3.77,3.64,2.85,3.38,3.18,3.99,3.52,4.26,3.61,3.62,4.37,4.18,4.29,4.13,3.65,4.31,4.04,4.2,86,10.3,10.3,328
Ake,Man City,12,2,0.51,0.42,0.63,0.67,0.64,0.68,0.64,0.39,0.53,0.5,0.65,0.53,0.7,0.64,0.55,0.67,0.61,0.68,0.68,0.54,0.7,0.65,0.63,14,5.4,5.4,329
Bernabe,Man City,12,3,0.06,0.05,0.06,0.06,0.06,0.06,0.06,0.05,0.05,0.05,0.06,0.05,0.06,0.06,0.06,0.06,0.06,0.06,0.06,0.06,0.06,0.06,0.06,1,4.5,4.5,330
Bernardo Silva,Man City,12,3,1.34,1.2,1.55,1.63,1.62,1.63,1.57,1.24,1.45,1.37,1.67,1.49,1.76,1.56,1.52,1.78,1.7,1.76,1.72,1.53,1.77,1.68,1.72,36,7.4,7.4,331
Cancelo,Man City,12,2,2.44,1.96,2.97,3.15,2.89,3.07,2.85,1.67,2.27,2.09,2.76,2.2,2.89,2.59,2.2,2.69,2.41,2.68,2.65,2.06,2.68,2.48,2.42,58,5.5,5.5,332
Carson,Man City,12,4,0,0,0,0,0,0,0,0,0,0,0,0,0,0,0,0,0,0,0,0,0,0,0,0,4,4,333
De Bruyne,Man City,12,3,5.22,4.48,6.12,6.42,6.23,6.16,5.85,4.31,5.16,4.75,6.01,5.12,6.28,5.25,5.06,6.15,5.78,5.97,5.71,4.91,5.9,5.49,5.65,128,11.8,11.8,334
Delap,Man City,12,4,0.12,0.11,0.12,0.12,0.12,0.12,0.11,0.1,0.1,0.1,0.11,0.1,0.11,0.1,0.1,0.11,0.1,0.1,0.1,0.09,0.1,0.1,0.1,2,4.4,4.4,335
Dias,Man City,12,2,3.07,2.47,3.87,4.13,3.81,4.1,3.81,2.15,3.01,2.79,3.73,2.95,3.95,3.57,3.01,3.69,3.3,3.71,3.71,2.84,3.76,3.47,3.36,78,5.7,5.7,336
Doyle,Man City,12,3,0.06,0.06,0.07,0.07,0.07,0.07,0.07,0.06,0.07,0.07,0.08,0.07,0.08,0.08,0.08,0.08,0.08,0.09,0.08,0.08,0.09,0.08,0.09,2,4.4,4.4,337
Ederson,Man City,12,4,3.63,3.34,4.08,4.26,4.04,4.26,4.07,3.18,3.57,3.47,3.98,3.53,4.13,3.93,3.58,3.93,3.7,3.97,4,3.47,4.01,3.84,3.75,88,6,6,338
Fernandinho,Man City,12,2,0.44,0.35,0.52,0.56,0.51,0.55,0.51,0.3,0.41,0.38,0.49,0.4,0.52,0.47,0.4,0.48,0.43,0.48,0.48,0.38,0.49,0.45,0.44,10,5.4,5.4,339
Foden,Man City,12,3,1.39,1.23,1.56,1.63,1.59,1.59,1.52,1.2,1.38,1.3,1.57,1.38,1.64,1.43,1.38,1.62,1.54,1.59,1.54,1.37,1.58,1.49,1.53,34,6.3,6.3,340
Garcia,Man City,12,2,0.14,0.23,0.65,0.7,0.66,0.71,0.66,0.39,0.53,0.5,0.65,0.53,0.69,0.63,0.54,0.65,0.59,0.66,0.66,0.52,0.67,0.62,0.6,13,4.8,4.8,341
Gundogan,Man City,12,3,1.26,1.11,1.32,1.36,1.27,1.27,1.21,0.95,1.07,0.99,1.16,1.02,1.16,1.03,0.96,1.09,1.02,1.05,1.01,0.9,1.02,0.97,0.98,25,5.4,5.4,342
Jesus,Man City,12,4,3.23,2.79,3.52,3.64,3.47,3.38,3.21,2.5,2.85,2.61,3.16,2.74,3.19,2.68,2.58,3.04,2.87,2.9,2.75,2.44,2.81,2.64,2.71,68,9.1,9.1,343
Laporte,Man City,12,2,1.99,1.68,2.66,2.87,2.79,3.03,2.86,1.72,2.38,2.27,3.04,2.47,3.32,3.04,2.66,3.28,2.98,3.36,3.38,2.63,3.47,3.21,3.15,64,6,6,344
Mahrez,Man City,12,3,3.9,3.4,4.55,4.77,4.68,4.64,4.43,3.34,3.96,3.69,4.6,3.97,4.82,4.09,3.97,4.76,4.5,4.65,4.48,3.89,4.63,4.33,4.44,98,8.3,8.3,345
Mendy,Man City,12,2,1.93,1.56,2.39,2.55,2.37,2.54,2.36,1.38,1.9,1.76,2.34,1.87,2.47,2.24,1.91,2.34,2.1,2.35,2.34,1.82,2.37,2.19,2.14,49,5.9,5.9,346
Nmecha,Man City,12,3,0.06,0.05,0.06,0.06,0.06,0.06,0.06,0.05,0.05,0.05,0.06,0.05,0.06,0.06,0.06,0.06,0.06,0.06,0.06,0.06,0.06,0.06,0.06,1,4.5,4.5,347
Palmer,Man City,12,3,0.06,0.05,0.06,0.06,0.06,0.06,0.06,0.05,0.05,0.05,0.06,0.05,0.06,0.06,0.06,0.06,0.06,0.06,0.06,0.06,0.06,0.06,0.06,1,4.5,4.5,348
Rodrigo,Man City,12,3,2.35,2.15,2.63,2.72,2.61,2.68,2.55,2.07,2.35,2.23,2.59,2.34,2.63,2.46,2.3,2.6,2.45,2.58,2.51,2.28,2.54,2.44,2.47,57,5.4,5.4,349
Steffen,Man City,12,4,0.06,0.06,0.08,0.08,0.08,0.09,0.09,0.07,0.08,0.08,0.1,0.09,0.1,0.1,0.1,0.11,0.1,0.11,0.11,0.1,0.12,0.11,0.11,2,4.5,4.5,350
Sterling,Man City,12,3,5.24,4.48,6.15,6.45,6.26,6.19,5.86,4.3,5.17,4.75,6.02,5.12,6.28,5.24,5.05,6.15,5.77,5.96,5.7,4.9,5.89,5.48,5.64,128,11.4,11.4,351
Stones,Man City,12,2,2.25,1.82,2.69,2.85,2.61,2.79,2.61,1.52,2.05,1.92,2.47,1.97,2.59,2.36,1.99,2.38,2.14,2.38,2.39,1.84,2.4,2.23,2.14,52,4.9,4.9,352
Torres,Man City,12,3,2.47,2.16,2.69,2.78,2.64,2.62,2.49,1.93,2.21,2.05,2.44,2.12,2.46,2.15,2.03,2.34,2.2,2.27,2.18,1.93,2.21,2.08,2.12,53,6.9,6.9,353
Trafford,Man City,12,4,0.05,0.05,0.06,0.06,0.06,0.07,0.07,0.05,0.06,0.06,0.07,0.06,0.07,0.07,0.07,0.07,0.07,0.08,0.08,0.07,0.08,0.08,0.07,2,4,4,354
Walker,Man City,12,2,3.15,2.54,3.9,4.15,3.83,4.08,3.8,2.19,3.01,2.79,3.69,2.93,3.89,3.49,2.97,3.62,3.25,3.62,3.61,2.78,3.66,3.37,3.28,78,6.2,6.2,355
Zinchenko,Man City,12,2,0.15,0.13,0.19,0.2,0.2,0.21,0.2,0.13,0.17,0.16,0.21,0.17,0.22,0.21,0.18,0.22,0.2,0.23,0.23,0.18,0.23,0.22,0.21,4,5.5,5.5,356
Bailly,Man Utd,13,2,0.61,0.63,0,1.22,0.86,0.59,0.82,0.75,0.87,0.98,0.59,0.5,0.96,0.99,1.05,0.7,1.17,0.93,0.72,0.95,1,1.26,0.97,19,4.9,4.9,357
Cavani,Man Utd,13,4,1.34,1.55,0,2.82,1.6,1.34,1.62,1.57,1.7,1.8,1.36,1.31,1.75,1.69,1.81,1.48,1.92,1.74,1.56,1.81,1.78,2.11,1.57,37,7.8,7.8,358
Chong,Man Utd,13,3,0,0,0,0,0,0,0,0,0,0,0,0,0,0,0,0,0,0,0,0,0,0,0,0,4.4,4.4,359
Dalot,Man Utd,13,2,0,0,0,0,0,0,0,0,0,0,0,0,0,0,0,0,0,0,0,0,0,0,0,0,4.8,4.8,360
de Gea,Man Utd,13,4,3.58,3.56,0,6.7,3.84,3.15,3.62,3.4,3.64,3.82,3.01,2.91,3.57,3.63,3.65,3.37,3.83,3.35,3.02,3.34,3.4,3.88,3.37,80,5.3,5.3,361
Fernandes,Man Utd,13,3,5.96,7.28,0,11.81,6.97,5.24,6.8,6.37,7,7.41,4.83,4.43,6.74,6.42,6.83,4.98,7.22,6.19,5.2,6.41,6.24,7.84,5.28,143,11,11,362
Fosu-Mensah,Man Utd,13,2,0.3,0.28,0,0.45,0.3,0.2,0.27,0.24,0.26,0.28,0.17,0.14,0.25,0.25,0.25,0.17,0.27,0.21,0.17,0.21,0.22,0.27,0.21,5,4.3,4.3,363
Fred,Man Utd,13,3,1.74,1.77,0,2.83,1.52,1.24,1.41,1.32,1.31,1.32,1,0.91,1.1,1.03,1,0.8,0.96,0.83,0.75,0.79,0.79,0.88,0.71,26,5.3,5.3,364
Garner,Man Utd,13,3,0,0,0,0,0,0,0,0,0,0,0,0,0,0,0,0,0,0,0,0,0,0,0,0,4.4,4.4,365
Grant,Man Utd,13,4,0,0,0,0,0,0,0,0,0,0,0,0,0,0,0,0,0,0,0,0,0,0,0,0,4,4,366
Greenwood,Man Utd,13,3,2.85,3.25,0,5.61,3.19,2.59,3.12,2.97,3.19,3.35,2.46,2.33,3.12,3.02,3.17,2.53,3.32,2.94,2.61,3.02,2.98,3.54,2.67,68,7.1,7.1,367
Henderson,Man Utd,13,4,0.32,0.32,0,0.63,0.37,0.3,0.35,0.33,0.35,0.37,0.3,0.29,0.36,0.36,0.37,0,0.39,0.34,0.31,0.34,0.35,0.4,0.35,8,5.2,5.2,368
Ighalo,Man Utd,13,4,0.23,0.25,0,0.45,0.25,0.22,0.25,0.24,0.26,0.27,0.22,0.22,0.26,0.26,0.27,0.23,0.28,0.26,0.24,0.27,0.27,0.3,0.24,6,6.1,6.1,369
James,Man Utd,13,3,0.51,0.53,0,0.91,0.5,0.42,0.48,0.46,0.48,0.5,0.39,0.37,0.46,0.45,0.46,0.38,0.48,0.43,0.39,0.43,0.43,0.49,0.39,10,6.2,6.2,370
Jones,Man Utd,13,2,0,0,0,0,0,0,0,0,0,0,0,0,0,0,0,0,0,0,0,0,0,0,0,0,4.9,4.9,371
Lindelof,Man Utd,13,2,3.14,3.14,0,5.06,3.46,2.23,3.12,2.73,3.12,3.39,1.87,1.49,2.98,3.02,3.07,1.93,3.29,2.55,1.89,2.53,2.63,3.36,2.52,63,4.8,4.8,372
Lingard,Man Utd,13,3,0.2,0.22,0,0.4,0.23,0.19,0.22,0.22,0.23,0.24,0.19,0.19,0.24,0.23,0.24,0.21,0.26,0.23,0.21,0.24,0.24,0.27,0.22,5,5.9,5.9,373
Maguire,Man Utd,13,2,3.46,3.56,0,5.75,3.97,2.54,3.62,3.18,3.65,4,2.16,1.72,3.54,3.57,3.68,2.29,3.98,3.07,2.28,3.08,3.2,4.14,3.02,73,5.4,5.4,374
Martial,Man Utd,13,4,3.76,4.51,0,7.6,4.26,3.47,4.22,4.04,4.33,4.53,3.28,3.11,4.21,4.01,4.24,3.36,4.43,3.96,3.49,4.09,3.98,4.78,3.44,91,8.7,8.7,375
Mata,Man Utd,13,3,0.47,0.49,0,0.79,0.43,0.35,0.4,0.38,0.39,0.4,0.3,0.28,0.35,0.34,0.34,0.28,0.34,0.3,0.27,0.3,0.3,0.34,0.27,8,5.9,5.9,376
Matic,Man Utd,13,3,0.99,1.05,0,2.11,1.22,1.07,1.23,1.2,1.28,1.37,1.13,1.1,1.38,1.38,1.46,1.25,1.54,1.4,1.31,1.44,1.46,1.65,1.4,29,4.8,4.8,377
McTominay,Man Utd,13,3,0.91,1.27,0,2.26,1.25,1.06,1.22,1.17,1.23,1.28,1,0.96,1.2,1.18,1.21,1.01,1.26,1.13,1.03,1.15,1.15,1.31,1.07,26,4.9,4.9,378
Mengi,Man Utd,13,2,0.07,0.07,0,0.13,0.07,0.06,0.07,0.07,0.07,0.07,0.05,0.05,0.07,0.07,0.07,0.06,0.07,0.06,0.06,0.06,0.07,0.08,0.06,2,3.9,3.9,379
Pellistri,Man Utd,13,3,0.08,0.08,0,0.14,0.08,0.07,0.08,0.07,0.08,0.08,0.07,0.07,0.08,0.07,0.08,0.07,0.08,0.07,0.07,0.07,0.07,0.08,0.07,2,5.2,5.2,380
Pereira,Man Utd,13,3,0,0,0,0,0,0,0,0,0,0,0,0,0,0,0,0,0,0,0,0,0,0,0,0,4.8,4.8,381
Pogba,Man Utd,13,3,3.11,3.54,0,5.97,3.44,2.71,3.35,3.16,3.4,3.58,2.53,2.36,3.3,3.18,3.33,2.58,3.49,3.05,2.66,3.13,3.09,3.71,2.73,71,7.7,7.7,382
Rashford,Man Utd,13,3,4.51,5.42,0,8.97,5.19,4.03,5.08,4.79,5.21,5.5,3.75,3.5,5.03,4.81,5.09,3.85,5.36,4.66,4,4.82,4.7,5.8,4.04,108,9.5,9.5,383
Rojo,Man Utd,13,2,0.06,0.07,0,0.25,0.2,0.15,0.21,0.2,0.23,0.26,0.16,0.14,0.24,0.24,0.25,0.17,0.26,0.21,0.17,0.21,0.22,0.27,0.21,4,4.8,4.8,384
Romero,Man Utd,13,4,0,0,0,0,0,0,0,0,0,0,0,0,0,0,0,0,0,0,0,0,0,0,0,0,4.9,4.9,385
Shaw,Man Utd,13,2,2.41,2.43,0,3.81,2.58,1.66,2.33,2.05,2.31,2.51,1.37,1.1,2.18,2.17,2.22,1.39,2.37,1.84,1.39,1.83,1.9,2.42,1.77,46,4.8,4.8,386
Telles,Man Utd,13,2,2.06,2.13,0,3.63,2.44,1.65,2.28,2.04,2.35,2.57,1.49,1.24,2.35,2.39,2.49,1.62,2.71,2.15,1.64,2.18,2.25,2.88,2.12,49,5.5,5.5,387
Tuanzebe,Man Utd,13,2,0.24,0.24,0,0.4,0.26,0.18,0.24,0.21,0.24,0.26,0.16,0.13,0.23,0.23,0.24,0.16,0.26,0.21,0.16,0.21,0.21,0.26,0.2,5,4.2,4.2,388
van de Beek,Man Utd,13,3,0.8,0.86,0,1.61,0.92,0.77,0.91,0.88,0.95,1,0.78,0.76,0.98,0.96,1.02,0.84,1.07,0.97,0.88,1,1,1.16,0.92,21,6.6,6.6,389
Wan-Bissaka,Man Utd,13,2,3.05,3.44,0,5.62,3.86,2.49,3.52,3.1,3.56,3.89,2.13,1.71,3.46,3.51,3.61,2.26,3.9,3.02,2.25,3.03,3.14,4.04,2.98,72,5.4,5.4,390
Williams,Man Utd,13,2,0.31,0.31,0,0.55,0.37,0.26,0.35,0.32,0.36,0.4,0.24,0.21,0.38,0.39,0.41,0.27,0.44,0.35,0.28,0.36,0.37,0.47,0.36,8,4.2,4.2,391
Aarons,Newcastle,14,3,0,0,0,0,0,0,0,0,0,0,0,0,0,0,0,0,0,0,0,0,0,0,0,0,4.8,4.8,392
Almiron,Newcastle,14,3,2.42,2.76,2.74,2.39,2.87,2.49,2.98,2.82,2.25,2.31,2.63,2.88,2.95,2.67,2.51,2.81,2.87,2.22,2.58,2.5,2.32,2.97,2.98,61,5.6,5.6,393
Anderson,Newcastle,14,3,0.06,0.06,0.06,0.05,0.06,0.05,0.06,0.06,0.06,0.06,0.06,0.07,0.07,0.07,0.07,0.07,0.07,0.07,0.07,0.07,0.07,0.08,0.08,2,4.5,4.5,394
Atsu,Newcastle,14,3,0,0,0,0,0,0,0,0,0,0,0,0,0,0,0,0,0,0,0,0,0,0,0,0,5.2,5.2,395
Carroll,Newcastle,14,4,0.39,0.42,0.38,0.33,0.37,0.33,0.37,0.36,0.31,0.32,0.35,0.39,0.41,0.38,0.37,0.4,0.42,0.35,0.39,0.38,0.37,0.43,0.44,9,5.2,5.2,396
Clark,Newcastle,14,2,1.28,1.88,1.94,1.22,1.62,1.18,1.75,1.5,0.8,0.81,1.23,1.25,1.15,1.03,0.77,1.03,0.97,0.46,0.72,0.65,0.48,0.95,0.87,26,4.5,4.5,397
Darlow,Newcastle,14,4,2.49,2.63,2.54,2.11,2.16,1.89,2.18,1.98,1.57,1.5,1.62,1.6,1.5,1.42,1.26,1.4,1.36,1.12,1.2,1.16,1.09,1.37,1.31,38,5,5,398
Dubravka,Newcastle,14,4,0.79,0.97,1.25,1.19,1.54,1.47,1.8,1.75,1.63,1.73,2.02,2.12,2.12,2.14,2.06,2.33,2.31,2.03,2.17,2.14,2.07,2.53,2.47,43,4.8,4.8,399
Dummett,Newcastle,14,2,0.98,1.46,1.53,0.93,1.21,0.88,1.33,1.13,0.58,0.59,0.94,0.93,0.84,0.77,0.56,0.77,0.72,0.32,0.53,0.47,0.33,0.71,0.64,19,4.4,4.4,400
Fernandez,Newcastle,14,2,1.35,2.16,2.5,1.53,2.38,1.7,2.82,2.43,1.2,1.3,2.35,2.46,2.35,2.2,1.69,2.54,2.48,0.97,1.9,1.73,1.15,2.87,2.69,47,4.8,4.8,401
Fraser,Newcastle,14,3,1.06,1.2,1.14,0.97,1.14,0.98,1.17,1.11,0.9,0.94,1.07,1.21,1.25,1.14,1.09,1.23,1.27,0.99,1.16,1.13,1.05,1.34,1.37,26,5.6,5.6,402
Gayle,Newcastle,14,4,0.25,0.29,0.28,0.25,0.3,0.27,0.32,0.31,0.27,0.29,0.33,0.38,0.4,0.37,0.37,0.42,0.44,0.36,0.42,0.41,0.39,0.48,0.5,8,5.9,5.9,403
Gillespie,Newcastle,14,4,0.05,0.06,0.06,0.05,0.06,0.05,0.06,0.05,0.05,0.05,0.05,0.06,0.06,0.06,0.06,0.07,0.07,0.06,0.07,0.07,0.07,0.08,0.08,1,4.4,4.4,404
Hayden,Newcastle,14,3,1.31,1.47,1.48,1.33,1.57,1.4,1.66,1.6,1.35,1.39,1.61,1.71,1.76,1.66,1.61,1.79,1.84,1.48,1.71,1.66,1.58,1.97,1.95,37,4.7,4.7,405
Hendrick,Newcastle,14,3,1.31,1.48,1.47,1.3,1.54,1.36,1.61,1.54,1.28,1.33,1.53,1.67,1.72,1.6,1.54,1.73,1.78,1.4,1.63,1.59,1.49,1.89,1.9,36,4.7,4.7,406
Joelinton,Newcastle,14,4,1.91,2.04,1.83,1.62,1.73,1.5,1.67,1.58,1.27,1.25,1.31,1.38,1.37,1.21,1.11,1.15,1.15,0.94,1.02,0.97,0.92,1.07,1.05,31,5.7,5.7,407
Krafth,Newcastle,14,2,0.6,0.84,0.84,0.52,0.67,0.49,0.73,0.63,0.35,0.36,0.56,0.57,0.53,0.49,0.38,0.52,0.5,0.24,0.39,0.35,0.26,0.52,0.49,12,4.3,4.3,408
Langley,Newcastle,14,4,0,0,0,0,0,0,0,0,0,0,0,0,0,0,0,0,0,0,0,0,0,0,0,0,4,4,409
Lascelles,Newcastle,14,2,0.29,0.63,1.33,1.01,2.01,1.53,2.62,2.31,1.19,1.29,2.33,2.43,2.3,2.18,1.67,2.51,2.44,0.97,1.87,1.71,1.14,2.83,2.65,41,4.3,4.3,410
Lejeune,Newcastle,14,2,0,0,0,0,0,0,0,0,0,0,0,0,0,0,0,0,0,0,0,0,0,0,0,0,4.3,4.3,411
Lewis,Newcastle,14,2,1.19,1.91,2.22,1.36,2.12,1.52,2.53,2.18,1.09,1.18,2.15,2.26,2.16,2.04,1.57,2.38,2.32,0.9,1.79,1.63,1.08,2.72,2.54,43,4.3,4.3,412
Manquillo,Newcastle,14,2,0.72,1.12,1.37,0.9,1.41,1.06,1.72,1.52,0.83,0.92,1.65,1.75,1.71,1.66,1.32,2.02,1.99,0.81,1.57,1.45,0.97,2.43,2.29,33,4.3,4.3,413
Matty Longstaff,Newcastle,14,3,0.14,0.15,0.14,0.13,0.14,0.13,0.15,0.15,0.13,0.14,0.15,0.17,0.17,0.17,0.17,0.18,0.19,0.16,0.18,0.18,0.17,0.2,0.2,4,4.9,4.9,414
Murphy,Newcastle,14,3,0.72,0.8,0.75,0.65,0.74,0.65,0.77,0.73,0.6,0.63,0.72,0.79,0.82,0.76,0.73,0.82,0.85,0.67,0.78,0.76,0.72,0.9,0.91,17,4.9,4.9,415
Muto,Newcastle,14,4,0,0,0,0,0,0,0,0,0,0,0,0,0,0,0,0,0,0,0,0,0,0,0,0,4.8,4.8,416
Ritchie,Newcastle,14,3,0.64,0.69,0.63,0.53,0.59,0.51,0.6,0.57,0.46,0.47,0.54,0.58,0.6,0.55,0.52,0.58,0.59,0.48,0.54,0.53,0.5,0.62,0.62,13,4.9,4.9,417
Saint-Maximin,Newcastle,14,3,0.5,0.87,1.68,1.77,2.81,2.54,3.16,3.05,2.46,2.53,2.87,3.19,3.25,2.94,2.74,3.08,3.15,2.42,2.81,2.74,2.52,3.25,3.28,60,5.1,5.1,418
Schar,Newcastle,14,2,0.3,0.43,0.43,0.27,0.37,0.28,0.42,0.37,0.21,0.22,0.35,0.37,0.36,0.34,0.28,0.38,0.38,0.19,0.31,0.29,0.22,0.43,0.41,8,4.9,4.9,419
Sean Longstaff,Newcastle,14,3,1.62,1.74,1.58,1.35,1.42,1.22,1.38,1.29,1.02,1,1.08,1.1,1.07,0.96,0.86,0.91,0.9,0.71,0.78,0.74,0.69,0.83,0.8,25,4.7,4.7,420
Shelvey,Newcastle,14,3,2.26,2.56,2.54,2.22,2.65,2.3,2.74,2.6,2.09,2.14,2.44,2.65,2.71,2.47,2.32,2.59,2.65,2.06,2.39,2.32,2.16,2.74,2.74,56,5.3,5.3,421
Watts,Newcastle,14,2,0,0,0,0,0,0,0,0,0,0,0,0,0,0,0,0,0,0,0,0,0,0,0,0,3.9,3.9,422
Wilson,Newcastle,14,4,3.45,4.12,4.04,3.4,4.41,3.65,4.57,4.29,3.16,3.28,3.82,4.45,4.6,3.98,3.65,4.22,4.37,3.08,3.78,3.64,3.26,4.49,4.6,90,6.6,6.6,423
Yedlin,Newcastle,14,2,0.74,1.06,1.08,0.68,0.91,0.67,1.01,0.87,0.47,0.5,0.79,0.82,0.77,0.72,0.56,0.78,0.75,0.36,0.59,0.54,0.39,0.82,0.77,17,4.3,4.3,424
Ampadu,Sheffield Utd,15,2,2.43,2.27,2.28,1.45,1.13,0.77,2.04,1.23,1.5,1.79,1,1.58,1.18,1.46,1.25,1.16,1.19,1.44,0.86,1.5,1.01,1.35,1.48,33,4.3,4.3,425
Baldock,Sheffield Utd,15,2,3.25,3.12,3.54,2.26,1.83,1.23,3.56,2.11,2.66,3.32,1.85,3.06,2.28,3.01,2.62,2.45,2.53,3.23,1.85,3.5,2.28,3.15,3.58,62,5,5,426
Basham,Sheffield Utd,15,2,3.4,3.27,3.73,2.36,1.9,1.27,3.74,2.19,2.8,3.51,1.92,3.23,2.39,3.15,2.76,2.57,2.67,3.41,1.93,3.71,2.4,3.34,3.8,65,4.7,4.7,427
Berge,Sheffield Utd,15,3,0,0,0,0,0,0,0,0,0,0,0,0,0,0,0,0,0,0,0,0,0,0,0,0,5,5,428
Bogle,Sheffield Utd,15,2,2.19,2.02,1.95,1.24,0.95,0.66,1.69,1.02,1.2,1.42,0.8,1.21,0.89,1.1,0.9,0.82,0.82,0.98,0.58,0.99,0.67,0.87,0.95,26,4.3,4.3,429
Brewster,Sheffield Utd,15,4,1.86,1.83,1.9,1.67,1.65,1.59,2.19,1.8,1.94,2.2,1.88,2.21,2.01,2.38,2.23,2.18,2.07,2.45,2.06,2.56,2.23,2.46,2.63,48,4.5,4.5,430
Bryan,Sheffield Utd,15,2,0,0,0.22,0.21,0.3,0.23,0.61,0.4,0.5,0.62,0.37,0.6,0.46,0.6,0.54,0.52,0.54,0.68,0.42,0.74,0.5,0.67,0.76,10,3.9,3.9,431
Burke,Sheffield Utd,15,3,2.02,1.89,1.75,1.43,1.26,1.15,1.61,1.26,1.29,1.4,1.12,1.28,1.11,1.26,1.1,1.04,0.98,1.11,0.9,1.1,0.93,1.02,1.07,29,4.4,4.4,432
Egan,Sheffield Utd,15,2,3.02,2.9,3.3,2.08,1.65,1.07,3.3,1.93,2.45,3.08,1.67,2.85,2.09,2.77,2.4,2.26,2.36,3.01,1.67,3.27,2.08,2.93,3.35,57,4.7,4.7,433
Fleck,Sheffield Utd,15,3,2.93,2.84,3.06,2.52,2.31,2.13,3.15,2.45,2.61,2.94,2.38,2.84,2.47,2.94,2.65,2.58,2.44,2.89,2.33,3,2.51,2.82,3.04,62,5.6,5.6,434
Foderingham,Sheffield Utd,15,4,0.05,0.05,0.06,0.05,0.05,0.05,0.06,0.05,0.06,0.06,0.05,0.06,0.06,0.06,0.06,0.06,0.06,0.07,0.06,0.07,0.06,0.07,0.08,1,4.3,4.3,435
Freeman,Sheffield Utd,15,3,0,0,0,0,0,0,0,0,0,0,0,0,0,0,0,0,0,0,0,0,0,0,0,0,5,5,436
Jack Robinson,Sheffield Utd,15,2,2.45,2.26,2.19,1.4,1.06,0.74,1.85,1.11,1.3,1.51,0.85,1.27,0.93,1.13,0.9,0.81,0.8,0.94,0.56,0.92,0.62,0.8,0.84,27,4.3,4.3,437
Jagielka,Sheffield Utd,15,2,0.42,0.38,0.35,0.23,0.19,0.14,0.35,0.22,0.27,0.32,0.19,0.3,0.23,0.29,0.26,0.24,0.25,0.31,0.19,0.33,0.23,0.3,0.33,6,4,4,438
Lowe,Sheffield Utd,15,2,1.01,1.02,1.14,0.8,0.73,0.54,1.42,0.92,1.19,1.52,0.92,1.53,1.2,1.58,1.46,1.4,1.49,1.89,1.12,2.11,1.39,1.92,2.21,31,4.4,4.4,439
Lundstram,Sheffield Utd,15,3,0,0,2.59,2.12,1.95,1.8,2.7,2.08,2.23,2.52,2.04,2.46,2.13,2.57,2.31,2.25,2.12,2.55,2.03,2.65,2.2,2.49,2.69,48,5,5,440
McBurnie,Sheffield Utd,15,4,1.86,2.54,2.76,2.24,2.08,1.91,2.92,2.22,2.4,2.75,2.18,2.66,2.31,2.83,2.54,2.44,2.27,2.78,2.21,2.91,2.42,2.74,2.96,57,5.6,5.6,441
McGoldrick,Sheffield Utd,15,4,3.5,3.27,3.35,2.56,2.26,2.01,3.3,2.36,2.58,2.97,2.19,2.76,2.31,2.84,2.48,2.34,2.17,2.68,2.03,2.78,2.23,2.59,2.79,60,5.2,5.2,442
Moore,Sheffield Utd,15,4,0,0,0,0,0,0,0,0,0,0,0,0,0,0,0,0,0,0,0,0,0,0,0,0,4.3,4.3,443
Mousset,Sheffield Utd,15,4,0.83,0.86,0.82,0.68,0.65,0.61,0.9,0.7,0.76,0.87,0.72,0.86,0.77,0.93,0.86,0.83,0.78,0.94,0.78,0.99,0.85,0.94,1.01,19,5.8,5.8,444
Norwood,Sheffield Utd,15,3,1.74,1.7,1.72,1.48,1.4,1.32,1.82,1.5,1.59,1.76,1.5,1.76,1.57,1.82,1.7,1.68,1.63,1.87,1.56,1.95,1.67,1.85,1.99,39,4.6,4.6,445
O'Connell,Sheffield Utd,15,2,0,0,0,0,0,0,0,0,0.09,0.12,0.1,0.15,0.14,0.2,0.23,0.24,0.27,0.37,0.26,0.47,0.34,0.46,0.56,4,4.7,4.7,446
Osborn,Sheffield Utd,15,3,0.91,0.84,0.73,0.62,0.56,0.52,0.69,0.57,0.59,0.63,0.53,0.6,0.53,0.59,0.54,0.52,0.5,0.56,0.47,0.56,0.49,0.53,0.55,14,4.8,4.8,447
Ramsdale,Sheffield Utd,15,4,3.6,3.54,3.75,3.18,3.06,2.97,3.71,3.12,3.31,3.61,3.06,3.47,3.15,3.4,3.26,3.2,3.26,3.54,3.02,3.67,3.14,3.5,3.71,77,4.7,4.7,448
Sharp,Sheffield Utd,15,4,1.15,1.04,0.96,0.76,0.69,0.63,0.97,0.72,0.78,0.89,0.69,0.84,0.72,0.88,0.78,0.74,0.69,0.83,0.66,0.86,0.71,0.81,0.86,19,5.6,5.6,449
Stevens,Sheffield Utd,15,2,3.2,3.08,3.5,2.22,1.78,1.19,3.52,2.07,2.62,3.28,1.81,3.03,2.24,2.98,2.58,2.42,2.5,3.2,1.81,3.47,2.25,3.12,3.55,61,5.1,5.1,450
Verrips,Sheffield Utd,15,4,0.06,0.06,0.07,0.06,0.06,0.06,0.08,0.07,0.08,0.09,0.07,0.09,0.08,0.09,0.09,0.09,0.09,0.1,0.09,0.11,0.09,0.1,0.11,2,4,4,451
Adams,Southampton,16,4,4.03,3.26,0,7.08,3.5,4.15,3.08,3.84,3.47,3.26,3.36,3.59,3.88,3.04,4.06,3.91,3.99,2.78,3.55,2.86,4.28,3.86,3.45,82,6,6,452
Armstrong,Southampton,16,3,2.62,2.18,0,4.71,2.36,2.7,2.11,2.58,2.42,2.25,2.29,2.49,2.65,2.13,2.78,2.66,2.75,1.98,2.47,2.03,2.92,2.65,2.42,56,5.5,5.5,453
Bednarek,Southampton,16,2,2.91,1.72,0,4.52,2.25,2.77,1.65,2.88,2.71,1.92,2.05,2.81,2.92,1.66,3.21,2.81,3.11,1.12,2.4,1.28,3.3,2.66,2.39,55,4.7,4.7,454
Bertrand,Southampton,16,2,3.03,1.81,0,4.79,2.4,2.97,1.75,3.07,2.89,2.07,2.21,3.03,3.17,1.8,3.51,3.07,3.41,1.22,2.63,1.4,3.65,2.94,2.62,59,5,5,455
Diallo,Southampton,16,3,1.89,1.53,0,2.79,1.29,1.4,1.1,1.26,1.12,0.98,0.93,0.94,0.92,0.72,0.79,0.71,0.69,0.49,0.55,0.45,0.57,0.51,0.45,22,4.5,4.5,456
Djenepo,Southampton,16,3,2.15,1.74,0,3.37,1.62,1.82,1.4,1.66,1.51,1.37,1.34,1.4,1.45,1.14,1.39,1.29,1.31,0.94,1.13,0.92,1.28,1.16,1.04,32,5.4,5.4,457
Forster,Southampton,16,4,0.11,0.1,0,0.23,0.12,0.13,0.11,0.14,0.14,0.13,0.13,0.15,0.16,0.13,0.17,0.16,0.17,0.14,0.16,0.14,0.19,0.17,0.16,3,4,4,458
Gunn,Southampton,16,4,0,0,0,0,0,0,0,0,0,0,0,0,0,0,0,0,0,0,0,0,0,0,0,0,4.3,4.3,459
Ings,Southampton,16,4,2.84,2.43,0,5.77,2.97,3.56,2.68,3.38,3.12,3.01,3.16,3.44,3.79,2.99,4.15,4.04,4.18,2.87,3.77,3.01,4.65,4.18,3.74,78,8.4,8.4,460
Long,Southampton,16,4,0.37,0.33,0,0.76,0.4,0.45,0.38,0.44,0.42,0.42,0.43,0.45,0.49,0.43,0.53,0.52,0.54,0.44,0.51,0.45,0.58,0.55,0.51,10,5.1,5.1,461
McCarthy,Southampton,16,4,3.76,3.22,0,6.84,3.41,3.67,3.16,3.77,3.67,3.26,3.31,3.74,3.79,3.16,3.99,3.72,3.92,3.04,3.48,3.05,4.04,3.62,3.48,81,4.6,4.6,462
N'Lundulu,Southampton,16,4,0.14,0.13,0,0.28,0.14,0.16,0.14,0.15,0.15,0.15,0.15,0.16,0.17,0.15,0.18,0.18,0.18,0.15,0.18,0.16,0.2,0.19,0.18,4,4.5,4.5,463
Obafemi,Southampton,16,4,0.18,0.16,0,0.39,0.21,0.24,0.2,0.24,0.23,0.23,0.24,0.26,0.28,0.25,0.31,0.31,0.32,0.26,0.31,0.27,0.36,0.33,0.31,6,4.6,4.6,464
Oriol Romeu,Southampton,16,3,2.26,1.91,0,4.06,2.07,2.29,1.84,2.23,2.17,1.98,1.98,2.19,2.31,1.86,2.43,2.27,2.4,1.72,2.16,1.76,2.51,2.28,2.1,49,4.5,4.5,465
Ramsay,Southampton,16,2,0.05,0.04,0,0.09,0.05,0.05,0.04,0.06,0.06,0.05,0.05,0.06,0.06,0.05,0.07,0.06,0.07,0.05,0.06,0.05,0.07,0.07,0.06,1,4,4,466
Redmond,Southampton,16,3,1.35,1.24,0,3.16,1.69,1.96,1.6,1.96,1.9,1.85,1.94,2.14,2.32,1.92,2.57,2.5,2.61,1.91,2.4,2,2.88,2.62,2.41,47,6.4,6.4,467
Salisu,Southampton,16,2,0.19,0.14,0,0.43,0.24,0.29,0.19,0.32,0.32,0.25,0.28,0.38,0.41,0.27,0.49,0.45,0.5,0.23,0.42,0.26,0.57,0.47,0.44,8,4.3,4.3,468
Sims,Southampton,16,3,0,0,0,0,0,0,0,0,0,0,0,0,0,0,0,0,0,0,0,0,0,0,0,0,4.3,4.3,469
Smallbone,Southampton,16,3,0.62,0.54,0,1.16,0.59,0.65,0.54,0.63,0.61,0.57,0.58,0.63,0.66,0.56,0.69,0.66,0.68,0.53,0.63,0.55,0.71,0.66,0.62,14,4.4,4.4,470
Stephens,Southampton,16,2,1.87,1.13,0,2.78,1.37,1.65,1.01,1.68,1.57,1.13,1.18,1.57,1.61,0.95,1.71,1.49,1.64,0.65,1.27,0.73,1.69,1.38,1.24,31,4.6,4.6,471
Tella,Southampton,16,3,0.23,0.21,0,0.48,0.25,0.28,0.24,0.28,0.28,0.27,0.27,0.3,0.32,0.28,0.35,0.34,0.35,0.28,0.33,0.29,0.38,0.36,0.34,7,4.4,4.4,472
Valery,Southampton,16,2,0.21,0.15,0,0.43,0.23,0.28,0.19,0.31,0.31,0.24,0.26,0.35,0.38,0.24,0.44,0.4,0.45,0.2,0.37,0.23,0.5,0.42,0.39,7,4.7,4.7,473
Vestergaard,Southampton,16,2,2.65,1.63,0,4.28,2.14,2.63,1.6,2.73,2.56,1.87,2,2.7,2.82,1.65,3.12,2.76,3.04,1.16,2.38,1.32,3.26,2.65,2.38,53,5,5,474
Vokins,Southampton,16,2,0.1,0.07,0,0.18,0.09,0.11,0.08,0.11,0.11,0.09,0.1,0.12,0.13,0.09,0.14,0.13,0.14,0.08,0.12,0.08,0.15,0.13,0.12,2,4,4,475
Walcott,Southampton,16,3,2.59,2.1,0,4.32,2.09,2.4,1.84,2.23,2.03,1.87,1.89,2.01,2.11,1.69,2.14,2.03,2.07,1.5,1.83,1.52,2.14,1.94,1.76,46,5.8,5.8,476
Walker-Peters,Southampton,16,2,3.12,1.84,0,4.89,2.45,3.03,1.78,3.15,2.96,2.1,2.24,3.1,3.23,1.81,3.57,3.12,3.47,1.21,2.67,1.4,3.71,2.98,2.66,60,4.7,4.7,477
Ward-Prowse,Southampton,16,3,3.7,2.95,0,6.46,3.23,3.8,2.8,3.58,3.31,3.01,3.08,3.41,3.66,2.79,3.87,3.65,3.8,2.52,3.34,2.6,4.06,3.62,3.24,76,6.3,6.3,478
Alderweireld,Tottenham,17,2,3.89,3.18,2.76,3.17,2.04,2.87,2.29,3.49,1.5,2.75,3.45,3.39,2.19,3.06,3.08,2.35,2.37,3.21,3.33,2.61,2.9,2.96,2.35,65,5.4,5.4,479
Alli,Tottenham,17,3,0.96,0.75,0.65,0.63,0.56,0.62,0.57,0.73,0.5,0.61,0.7,0.69,0.55,0.65,0.64,0.58,0.58,0.67,0.66,0.61,0.59,0.68,0.56,15,7.4,7.4,480
Aurier,Tottenham,17,2,2.71,2.08,1.69,1.83,1.2,1.59,1.28,1.86,0.88,1.4,1.67,1.6,1.06,1.39,1.33,1.03,1.02,1.3,1.31,1.05,1.11,1.16,0.92,32,5.2,5.2,481
Bale,Tottenham,17,3,3.6,4.42,4.39,4.24,3.67,4.22,3.79,5.21,3.17,4.2,4.94,4.88,3.66,4.61,4.57,3.99,3.99,4.84,4.74,4.27,4.15,4.93,3.9,98,9.3,9.3,482
Bergwijn,Tottenham,17,3,2.47,2.03,1.73,1.67,1.41,1.53,1.39,1.7,1.16,1.36,1.48,1.41,1.12,1.27,1.18,1.05,1.01,1.13,1.09,0.98,0.97,1.06,0.89,31,7,7,483
Carlos Vinicius,Tottenham,17,4,0.54,0.43,0.37,0.35,0.32,0.34,0.32,0.39,0.28,0.32,0.35,0.35,0.29,0.33,0.32,0.29,0.29,0.32,0.31,0.29,0.28,0.32,0.27,8,6.9,6.9,484
Carter-Vickers,Tottenham,17,2,0,0,0,0,0,0,0,0,0,0,0,0,0,0,0,0,0,0,0,0,0,0,0,0,3.9,3.9,485
Davies,Tottenham,17,2,0.74,0.57,0.48,0.54,0.39,0.52,0.43,0.63,0.31,0.53,0.65,0.65,0.45,0.61,0.62,0.5,0.5,0.66,0.69,0.56,0.61,0.63,0.52,13,4.6,4.6,486
Dier,Tottenham,17,2,3.92,3.21,2.8,3.22,2.08,2.94,2.35,3.6,1.53,2.84,3.59,3.53,2.27,3.2,3.23,2.46,2.48,3.38,3.52,2.75,3.05,3.13,2.47,68,5,5,487
Doherty,Tottenham,17,2,3.32,2.73,2.51,2.78,2.06,2.77,2.31,3.51,1.68,2.89,3.67,3.67,2.47,3.46,3.57,2.81,2.88,3.88,3.98,3.25,3.47,3.78,2.95,70,5.7,5.7,488
Fernandes,Tottenham,17,3,0.23,0.21,0.2,0.21,0.2,0.22,0.22,0.26,0.21,0.25,0.29,0.29,0.26,0.3,0.31,0.29,0.3,0.34,0.34,0.32,0.33,0.35,0.32,6,4.7,4.7,489
Foyth,Tottenham,17,2,0,0,0,0,0,0,0,0,0,0,0,0,0,0,0,0,0,0,0,0,0,0,0,0,4.3,4.3,490
Gazzaniga,Tottenham,17,4,0.08,0.08,0.08,0.09,0.08,0.09,0.09,0.11,0.09,0.1,0.12,0.12,0.1,0.12,0.13,0.12,0.12,0.14,0.14,0.13,0.14,0.14,0.13,3,4.3,4.3,491
Hart,Tottenham,17,4,0.04,0.04,0.04,0.04,0.03,0.04,0.04,0.04,0.03,0.04,0.04,0.04,0.04,0.04,0.04,0.04,0.04,0.04,0.04,0.04,0.04,0.04,0.04,1,4.3,4.3,492
Hojbjerg,Tottenham,17,3,2.83,2.52,2.33,2.36,2.08,2.28,2.13,2.59,1.87,2.24,2.5,2.47,2.03,2.36,2.32,2.11,2.09,2.38,2.4,2.17,2.21,2.36,2.06,53,4.9,4.9,493
Kane,Tottenham,17,4,6.97,6.03,5.63,5.34,4.65,5.34,4.79,6.61,3.99,5.3,6.21,6.13,4.6,5.8,5.74,5.02,5.03,6.09,5.89,5.38,5.14,6.24,4.89,127,11,11,494
Lamela,Tottenham,17,3,0.45,0.38,0.36,0.36,0.35,0.39,0.37,0.47,0.35,0.43,0.51,0.52,0.43,0.52,0.53,0.49,0.5,0.58,0.59,0.55,0.54,0.62,0.53,11,5.7,5.7,495
Lloris,Tottenham,17,4,4.68,4.22,3.98,4.31,3.54,4.09,3.68,4.52,3.3,4.01,4.53,4.49,3.64,4.23,4.27,3.73,3.76,4.38,4.49,3.92,4.14,4.15,3.75,94,5.6,5.6,496
Lo Celso,Tottenham,17,3,0,0.59,1.26,1.26,1.15,1.27,1.19,1.5,1.04,1.28,1.47,1.47,1.18,1.41,1.4,1.28,1.27,1.47,1.47,1.34,1.34,1.5,1.26,28,6.9,6.9,497
Lucas Moura,Tottenham,17,3,1.28,1.04,0.92,0.91,0.83,0.92,0.85,1.07,0.76,0.93,1.05,1.05,0.86,1.01,1.01,0.92,0.92,1.06,1.05,0.97,0.96,1.08,0.91,22,6.7,6.7,498
Ndombele,Tottenham,17,3,3.31,2.89,2.66,2.64,2.33,2.59,2.39,3.05,2.06,2.56,2.93,2.9,2.29,2.75,2.71,2.44,2.41,2.82,2.81,2.53,2.54,2.84,2.37,61,5.9,5.9,499
Reguilon,Tottenham,17,2,4.25,3.49,3.06,3.46,2.28,3.19,2.56,3.95,1.68,3.1,3.92,3.86,2.48,3.5,3.53,2.7,2.73,3.72,3.84,3.02,3.32,3.48,2.71,74,5.7,5.7,500
Rodon,Tottenham,17,2,0.57,0.44,0.37,0.42,0.31,0.41,0.34,0.5,0.25,0.42,0.52,0.52,0.36,0.49,0.5,0.4,0.41,0.54,0.56,0.46,0.5,0.52,0.42,10,5,5,501
Rose,Tottenham,17,2,0,0,0,0,0,0,0,0,0,0,0,0,0,0,0,0,0,0,0,0,0,0,0,0,4.7,4.7,502
Sanchez,Tottenham,17,2,0.68,0.54,0.48,0.56,0.42,0.57,0.48,0.7,0.36,0.62,0.78,0.79,0.55,0.76,0.8,0.64,0.65,0.87,0.91,0.74,0.82,0.84,0.69,15,5.3,5.3,503
Sessegnon,Tottenham,17,2,0,0,0,0,0,0,0,0,0,0,0,0,0,0,0,0,0,0,0,0,0,0,0,0,4.7,4.7,504
Sissoko,Tottenham,17,3,2.66,2.34,2.13,2.15,1.87,2.05,1.91,2.3,1.66,1.98,2.2,2.16,1.77,2.04,2,1.82,1.79,2.02,2.04,1.84,1.88,1.99,1.74,46,4.8,4.8,505
Skipp,Tottenham,17,3,0,0,0,0,0,0,0,0,0,0,0,0,0,0,0,0,0,0,0,0,0,0,0,0,4.4,4.4,506
Son,Tottenham,17,3,7.13,6.11,5.68,5.47,4.65,5.43,4.81,6.73,3.98,5.38,6.36,6.28,4.64,5.9,5.87,5.06,5.08,6.23,6.06,5.46,5.26,6.32,4.95,129,9.7,9.7,507
Tanganga,Tottenham,17,2,0.09,0.21,0.33,0.37,0.27,0.36,0.3,0.43,0.22,0.36,0.44,0.44,0.31,0.41,0.42,0.34,0.34,0.45,0.46,0.38,0.41,0.42,0.35,8,4.9,4.9,508
Winks,Tottenham,17,3,0.4,0.34,0.32,0.33,0.33,0.36,0.35,0.41,0.33,0.39,0.45,0.46,0.4,0.46,0.47,0.45,0.45,0.51,0.52,0.48,0.5,0.52,0.47,10,5.2,5.2,509
Ajayi,West Brom,18,2,2.44,1.89,0,3.96,1.08,3.04,2.43,1.26,1.59,2.49,2.54,2.86,2.41,2.01,1.13,2.42,1.65,1.91,2.3,1.42,1.23,2.44,1.92,46,4.8,4.8,510
Austin,West Brom,18,4,0.18,0.15,0,0.21,0.1,0.13,0.11,0.11,0.11,0.12,0.13,0.14,0.13,0.13,0.13,0.14,0.14,0.15,0.14,0.14,0.14,0.15,0.15,3,5.1,5.1,511
Bartley,West Brom,18,2,0.28,0.61,0,2.04,0.68,1.48,1.2,0.76,0.91,1.28,1.33,1.5,1.3,1.16,0.77,1.36,1.02,1.17,1.3,0.93,0.86,1.41,1.19,25,4.4,4.4,512
Button,West Brom,18,4,0.1,0.1,0,0.22,0.11,0.14,0.13,0.11,0.12,0.14,0.14,0.15,0.14,0.14,0.13,0.15,0.14,0.15,0.16,0.14,0.14,0.16,0.15,3,4,4,513
Callum Robinson,West Brom,18,4,1.49,1.26,0,1.83,0.87,1.17,1.01,0.92,1.01,1.14,1.21,1.31,1.22,1.24,1.1,1.36,1.24,1.37,1.31,1.23,1.25,1.46,1.39,27,5.5,5.5,514
Diangana,West Brom,18,3,2.68,2.38,0,4.28,1.95,2.58,2.22,1.93,2.04,2.25,2.3,2.42,2.21,2.15,1.85,2.25,2,2.15,2.11,1.92,1.93,2.25,2.1,50,5.2,5.2,515
Edwards,West Brom,18,3,0.38,0.32,0,0.43,0.2,0.26,0.24,0.21,0.24,0.26,0.28,0.3,0.29,0.29,0.27,0.32,0.29,0.32,0.32,0.3,0.3,0.35,0.33,7,4.7,4.7,516
Field,West Brom,18,3,0.09,0.09,0,0.17,0.09,0.11,0.1,0.09,0.1,0.11,0.12,0.13,0.12,0.12,0.11,0.13,0.12,0.13,0.13,0.12,0.12,0.14,0.13,3,4.8,4.8,517
Furlong,West Brom,18,2,3.04,2.35,0,4.73,1.44,3.66,2.84,1.6,1.99,2.94,3.02,3.4,2.85,2.45,1.44,2.88,2.03,2.39,2.66,1.75,1.59,2.91,2.36,56,4.5,4.5,518
Gallagher,West Brom,18,3,3.11,2.69,0,4.98,2.23,3.27,2.68,2.22,2.44,2.77,2.88,3.1,2.74,2.67,2.14,2.85,2.41,2.66,2.62,2.27,2.31,2.88,2.6,61,5.5,5.5,519
Gibbs,West Brom,18,2,1.99,1.48,0,2.55,0.7,1.76,1.41,0.76,0.91,1.32,1.31,1.42,1.18,0.98,0.57,1.08,0.75,0.84,0.98,0.63,0.56,0.99,0.79,25,4.3,4.3,520
Grant,West Brom,18,4,3.77,3.24,0,5.98,2.7,3.88,3.16,2.69,2.91,3.27,3.38,3.62,3.21,3.16,2.58,3.32,2.87,3.2,2.99,2.7,2.74,3.34,3.09,72,5.8,5.8,521
Grosicki,West Brom,18,3,0.18,0.15,0,0.21,0.1,0.12,0.11,0.1,0.11,0.12,0.13,0.14,0.13,0.13,0.12,0.14,0.13,0.14,0.14,0.13,0.13,0.15,0.14,3,5.3,5.3,522
Harper,West Brom,18,3,0.18,0.16,0,0.22,0.11,0.13,0.12,0.11,0.12,0.14,0.14,0.16,0.15,0.15,0.14,0.17,0.16,0.17,0.17,0.16,0.16,0.18,0.18,3,4.3,4.3,523
Hegazi,West Brom,18,2,0,0,0,0,0,0,0,0,0,0,0,0,0,0,0,0,0,0,0,0,0,0,0,0,4.1,4.1,524
Ivanovic,West Brom,18,2,1.73,1.35,0,2.51,0.8,1.94,1.58,0.92,1.16,1.74,1.82,2.07,1.78,1.55,0.93,1.9,1.34,1.56,1.85,1.18,1.06,2,1.61,34,4.5,4.5,525
Johnstone,West Brom,18,4,3.79,3.51,0,7.11,3.3,4.25,3.82,3.29,3.39,3.85,3.88,4.1,3.79,3.57,3.23,3.78,3.38,3.52,3.66,3.3,3.28,3.78,3.51,83,4.5,4.5,526
Kipre,West Brom,18,2,0.16,0.13,0,0.19,0.07,0.13,0.11,0.08,0.09,0.13,0.13,0.15,0.14,0.13,0.09,0.15,0.12,0.13,0.15,0.11,0.11,0.17,0.14,3,4.3,4.3,527
Krovinovic,West Brom,18,3,2.18,1.93,0,3.48,1.64,2.17,1.91,1.69,1.82,2.04,2.13,2.28,2.11,2.08,1.83,2.26,2.02,2.18,2.17,1.98,1.99,2.35,2.2,46,5,5,528
Livermore,West Brom,18,3,0,0,0,4.29,1.98,2.63,2.28,1.97,2.11,2.33,2.41,2.54,2.31,2.27,1.93,2.39,2.1,2.24,2.27,2.02,2.04,2.41,2.22,47,4.7,4.7,529
O'Shea,West Brom,18,2,1.97,1.49,0,2.54,0.71,1.71,1.39,0.77,0.9,1.3,1.28,1.39,1.17,0.96,0.58,1.06,0.76,0.84,0.97,0.64,0.56,0.98,0.79,25,4.3,4.3,530
Peltier,West Brom,18,2,0.06,0.05,0,0.07,0.03,0.05,0.04,0.03,0.04,0.05,0.05,0.05,0.05,0.05,0.04,0.05,0.05,0.05,0.05,0.04,0.04,0.05,0.05,1,4,4,531
Pereira,West Brom,18,3,3.7,3.21,0,6.08,2.77,4.07,3.28,2.76,3.03,3.43,3.58,3.87,3.41,3.35,2.7,3.57,3.04,3.41,3.22,2.87,2.92,3.61,3.31,75,5.6,5.6,532
Phillips,West Brom,18,3,2.56,2.13,0,3.02,1.27,1.66,1.37,1.15,1.16,1.21,1.18,1.19,1.02,0.95,0.73,0.86,0.72,0.74,0.69,0.6,0.6,0.68,0.6,26,5.1,5.1,533
Robson-Kanu,West Brom,18,4,0.11,0.15,0,0.34,0.16,0.21,0.18,0.17,0.18,0.2,0.21,0.23,0.21,0.22,0.2,0.23,0.22,0.24,0.23,0.22,0.22,0.25,0.24,5,5.2,5.2,534
Sawyers,West Brom,18,3,1.91,1.67,0,2.54,1.12,1.36,1.2,1.04,1.06,1.11,1.1,1.11,1.01,0.96,0.81,0.93,0.82,0.84,0.84,0.75,0.75,0.84,0.77,25,4.8,4.8,535
Townsend,West Brom,18,2,0,0.52,0,2.77,1.07,2.75,2.26,1.3,1.6,2.39,2.45,2.75,2.34,2,1.2,2.38,1.69,1.96,2.25,1.48,1.32,2.42,1.97,41,4.5,4.5,536
Zohore,West Brom,18,4,0,0,0,0,0,0,0,0,0,0,0,0,0,0,0,0,0,0,0,0,0,0,0,0,4.8,4.8,537
Antonio,West Ham,19,4,2.67,3.29,0,8.74,3.84,3.31,3.9,4.17,4.09,3.52,2.95,4.16,3.23,3.59,3.28,3.84,4,3.42,3.96,3.92,3.74,4.2,4.08,86,6.2,6.2,538
Balbuena,West Ham,19,2,2.44,2,0,6.12,2.69,1.62,2.27,2.88,3.01,1.95,1.13,2.63,1.6,2.1,2.22,2.35,2.68,1.82,2.76,2.35,2.45,2.69,2.66,54,4.4,4.4,539
Benrahma,West Ham,19,3,2.69,2.46,0,5.88,2.63,2.26,2.58,2.77,2.76,2.36,2.02,2.7,2.17,2.38,2.25,2.5,2.59,2.25,2.58,2.51,2.44,2.65,2.6,58,6,6,540
Bowen,West Ham,19,3,3.57,3.27,0,8.26,3.67,3.08,3.64,3.96,3.92,3.29,2.76,3.9,3.03,3.38,3.17,3.61,3.8,3.2,3.79,3.67,3.57,3.95,3.85,82,6.4,6.4,541
Coufal,West Ham,19,2,3.14,2.6,0,8.1,3.51,2.12,3.02,3.8,3.96,2.56,1.47,3.51,2.09,2.77,2.85,3.12,3.56,2.4,3.65,3.13,3.23,3.6,3.54,72,4.6,4.6,542
Cresswell,West Ham,19,2,2.86,2.37,0,7.34,3.19,1.93,2.72,3.44,3.58,2.31,1.34,3.14,1.89,2.5,2.6,2.79,3.19,2.16,3.28,2.8,2.9,3.21,3.16,65,5.3,5.3,543
Dawson,West Ham,19,2,0.12,0.1,0,0.24,0.12,0.09,0.12,0.14,0.15,0.12,0.09,0.16,0.12,0.14,0.16,0.17,0.19,0.15,0.2,0.18,0.19,0.2,0.21,3,4.5,4.5,544
Diop,West Ham,19,2,1.43,1.09,0,2.76,1.18,0.74,0.99,1.22,1.25,0.82,0.5,1.04,0.65,0.82,0.84,0.86,0.96,0.68,0.96,0.82,0.85,0.91,0.89,22,4.3,4.3,545
Fabianski,West Ham,19,4,3.72,3.48,0,8.4,3.93,3.31,3.64,4.06,4.16,3.43,3.15,3.85,3.25,3.51,3.57,3.66,3.89,3.35,3.96,3.66,3.74,3.88,3.86,85,5.1,5.1,546
Felipe Anderson,West Ham,19,3,0,0,0,0,0,0,0,0,0,0,0,0,0,0,0,0,0,0,0,0,0,0,0,0,6.1,6.1,547
Fornals,West Ham,19,3,2.65,2.41,0,5.81,2.6,2.23,2.55,2.76,2.75,2.34,2,2.7,2.16,2.38,2.26,2.51,2.61,2.26,2.6,2.53,2.46,2.68,2.63,58,6.3,6.3,548
Fredericks,West Ham,19,2,0.4,0.29,0,0.8,0.37,0.25,0.33,0.42,0.45,0.32,0.21,0.44,0.29,0.38,0.41,0.44,0.5,0.36,0.52,0.46,0.48,0.52,0.53,9,4.2,4.2,549
Haller,West Ham,19,4,2.73,2.45,0,5.08,2.18,1.93,2.13,2.19,2.07,1.79,1.54,1.88,1.53,1.58,1.4,1.51,1.51,1.32,1.42,1.38,1.32,1.41,1.34,42,6.1,6.1,550
Johnson,West Ham,19,2,0.3,0.21,0,0.5,0.22,0.15,0.19,0.24,0.25,0.17,0.12,0.22,0.15,0.19,0.19,0.2,0.22,0.17,0.23,0.2,0.21,0.22,0.22,5,3.9,3.9,551
Lanzini,West Ham,19,3,0.37,0.35,0,0.73,0.35,0.31,0.35,0.38,0.39,0.35,0.31,0.4,0.34,0.38,0.37,0.41,0.42,0.38,0.43,0.43,0.42,0.45,0.45,9,6.4,6.4,552
Martin,West Ham,19,4,0.05,0.05,0,0.15,0.07,0.06,0.07,0.08,0.08,0.07,0.07,0.08,0.07,0.08,0.09,0.09,0.1,0.08,0.1,0.09,0.1,0.1,0.1,2,4,4,553
Masuaku,West Ham,19,2,0.53,0.9,0,5.42,2.41,1.48,2.06,2.6,2.73,1.79,1.05,2.42,1.47,1.95,2.04,2.18,2.49,1.7,2.57,2.2,2.28,2.51,2.49,47,4.5,4.5,554
Noble,West Ham,19,3,0.35,0.3,0,0.69,0.35,0.32,0.36,0.4,0.42,0.4,0.37,0.48,0.42,0.47,0.48,0.53,0.56,0.52,0.58,0.58,0.57,0.61,0.62,10,4.6,4.6,555
Ogbonna,West Ham,19,2,2.68,2.22,0,6.94,3.04,1.81,2.56,3.27,3.43,2.19,1.25,3,1.79,2.39,2.51,2.68,3.07,2.06,3.17,2.68,2.8,3.08,3.05,62,5,5,556
Randolph,West Ham,19,4,0.05,0.04,0,0.11,0.06,0.05,0.05,0.06,0.06,0.05,0.05,0.06,0.05,0.06,0.06,0.06,0.07,0.06,0.07,0.06,0.07,0.07,0.07,1,4.4,4.4,557
Rice,West Ham,19,3,2.28,2.15,0,5.05,2.34,2.07,2.26,2.43,2.47,2.16,1.92,2.39,2.03,2.2,2.16,2.29,2.36,2.12,2.38,2.3,2.28,2.39,2.39,52,4.8,4.8,558
Snodgrass,West Ham,19,3,0.26,0.21,0,0.43,0.2,0.18,0.21,0.22,0.23,0.2,0.19,0.24,0.2,0.22,0.22,0.24,0.25,0.23,0.25,0.25,0.25,0.26,0.26,5,5.7,5.7,559
Soucek,West Ham,19,3,3.05,2.82,0,6.97,3.14,2.67,3.08,3.34,3.34,2.83,2.42,3.28,2.62,2.89,2.76,3.07,3.21,2.76,3.21,3.1,3.04,3.3,3.24,70,5.1,5.1,560
Yarmolenko,West Ham,19,3,0.58,0.47,0,1.04,0.5,0.45,0.51,0.56,0.58,0.52,0.47,0.62,0.53,0.59,0.58,0.65,0.68,0.61,0.7,0.69,0.68,0.74,0.74,13,5.5,5.5,561
Ait Nouri,Wolves,20,2,1.19,1.57,1.51,1.85,1.06,1.61,1.36,1.39,1.36,1.48,1.48,1.27,0.97,0.74,1.32,1.37,1.4,1.41,1.28,1.3,0.86,1.01,0.99,30,5,5,562
Boly,Wolves,20,2,2.37,3.34,3.24,4.07,2.25,3.65,3.03,3.2,3.21,3.55,3.65,3.14,2.36,1.77,3.57,3.77,3.92,3.99,3.59,3.68,2.31,2.76,2.71,73,5.4,5.4,563
Bonatini,Wolves,20,4,0,0,0,0,0,0,0,0,0,0,0,0,0,0,0,0,0,0,0,0,0,0,0,0,4.8,4.8,564
Buur,Wolves,20,2,0.18,0.24,0.25,0.31,0.2,0.3,0.26,0.27,0.27,0.3,0.31,0.27,0.22,0.17,0.31,0.33,0.35,0.35,0.32,0.34,0.23,0.26,0.26,6,3.9,3.9,565
Campana,Wolves,20,4,0.08,0.09,0.09,0.1,0.08,0.09,0.09,0.09,0.08,0.09,0.09,0.09,0.08,0.08,0.08,0.08,0.08,0.09,0.09,0.09,0.08,0.08,0.08,2,4.8,4.8,566
Coady,Wolves,20,2,2.09,2.99,2.87,3.6,1.97,3.26,2.69,2.84,2.85,3.13,3.26,2.75,2.07,1.52,3.18,3.36,3.53,3.57,3.18,3.29,2.03,2.44,2.4,65,4.9,4.9,567
Corbeanu,Wolves,20,3,0,0,0,0,0,0,0,0,0,0,0,0,0,0,0,0,0,0,0,0,0,0,0,0,4.5,4.5,568
Dendoncker,Wolves,20,3,1.87,2.3,2.37,2.71,2.02,2.43,2.29,2.34,2.28,2.49,2.4,2.31,2.04,1.84,2.37,2.42,2.43,2.48,2.38,2.38,1.96,2.1,2.11,52,4.7,4.7,569
Fabio Silva,Wolves,20,4,2.57,2.86,2.86,3.3,2.22,2.69,2.5,2.52,2.35,2.55,2.34,2.23,1.86,1.62,2,1.99,1.92,1.94,1.86,1.8,1.47,1.58,1.56,51,5.2,5.2,570
Gibbs-White,Wolves,20,3,0,0,0,0,0,0,0,0,0,0,0,0,0,0,0,0,0,0,0,0,0,0,0,0,4.9,4.9,571
Hoever,Wolves,20,2,0.12,0.16,0.16,0.19,0.13,0.19,0.16,0.17,0.17,0.19,0.19,0.17,0.14,0.11,0.19,0.2,0.21,0.21,0.2,0.2,0.14,0.16,0.16,4,4.4,4.4,572
Jimenez,Wolves,20,4,0,0,0,0,0,0,0,0.58,0.78,1.18,1.46,1.81,1.85,1.92,3.19,3.55,3.67,3.96,3.94,3.92,3.08,3.4,3.4,42,8.2,8.2,573
Jonny,Wolves,20,2,1.13,1.65,1.92,2.51,1.64,2.62,2.27,2.44,2.54,2.92,3.05,2.69,2.05,1.56,3.13,3.3,3.43,3.5,3.15,3.23,2.04,2.43,2.4,58,5.4,5.4,574
Jordao,Wolves,20,3,0,0,0,0,0,0,0,0,0,0,0,0,0,0,0,0,0,0,0,0,0,0,0,0,4.3,4.3,575
Kilman,Wolves,20,2,0.97,1.31,1.3,1.61,0.94,1.47,1.24,1.29,1.28,1.41,1.44,1.25,0.95,0.73,1.37,1.43,1.48,1.51,1.37,1.41,0.92,1.08,1.07,29,4.2,4.2,576
Marcal,Wolves,20,2,1.38,1.86,1.72,2.1,1.15,1.79,1.49,1.51,1.47,1.56,1.56,1.3,0.97,0.72,1.32,1.35,1.38,1.37,1.22,1.24,0.8,0.93,0.91,31,4.8,4.8,577
Moutinho,Wolves,20,3,2.01,2.28,2.32,2.65,1.92,2.34,2.19,2.24,2.16,2.35,2.26,2.16,1.89,1.68,2.19,2.23,2.24,2.28,2.17,2.18,1.77,1.9,1.91,49,5.2,5.2,578
Neto,Wolves,20,3,3.16,3.68,3.71,4.41,2.86,3.66,3.34,3.43,3.26,3.62,3.41,3.24,2.66,2.3,3.13,3.2,3.13,3.21,3.06,3,2.33,2.56,2.53,73,5.9,5.9,579
Neves,Wolves,20,3,1.83,2.09,2.21,2.54,1.93,2.35,2.22,2.29,2.24,2.48,2.42,2.33,2.08,1.87,2.5,2.55,2.6,2.67,2.54,2.58,2.09,2.25,2.28,53,5.2,5.2,580
Otasowie,Wolves,20,3,1.03,1.09,1.01,1.1,0.75,0.87,0.79,0.77,0.7,0.7,0.63,0.57,0.47,0.39,0.43,0.41,0.38,0.37,0.33,0.31,0.26,0.27,0.25,14,4.5,4.5,581
Patricio,Wolves,20,4,3.32,3.79,3.7,4.16,3.26,3.95,3.59,3.67,3.69,3.85,3.95,3.63,3.29,3.09,3.88,4.01,4.12,4.15,3.89,3.95,3.26,3.45,3.41,85,5.5,5.5,582
Perry,Wolves,20,3,0,0,0,0,0,0,0,0,0,0,0,0,0,0,0,0,0,0,0,0,0,0,0,0,4.5,4.5,583
Podence,Wolves,20,3,3.27,3.87,3.99,4.78,3.19,4.11,3.77,3.93,3.8,4.27,4.09,3.93,3.28,2.86,4.01,4.15,4.11,4.24,4.05,4.01,3.09,3.41,3.39,88,5.5,5.5,584
Ruddy,Wolves,20,4,0.1,0.12,0.12,0.14,0.12,0.14,0.13,0.14,0.14,0.15,0.16,0.15,0.14,0.13,0.17,0.18,0.19,0.19,0.18,0.19,0.15,0.16,0.16,3,4.4,4.4,585
Saiss,Wolves,20,2,2.34,3.25,3.16,3.98,2.13,3.43,2.86,3,2.93,3.28,3.27,2.82,2.1,1.56,3.06,3.19,3.28,3.34,3,3.06,1.93,2.3,2.26,66,5.1,5.1,586
Sarkic,Wolves,20,4,0,0,0,0,0,0,0,0,0,0,0,0,0,0,0,0,0,0,0,0,0,0,0,0,4.4,4.4,587
Semedo,Wolves,20,2,2.45,3.44,3.35,4.23,2.32,3.76,3.13,3.31,3.3,3.68,3.76,3.25,2.44,1.83,3.67,3.88,4.01,4.1,3.7,3.78,2.38,2.84,2.79,75,5.4,5.4,588
Shabani,Wolves,20,3,0.06,0.07,0.07,0.07,0.06,0.07,0.07,0.07,0.07,0.07,0.07,0.07,0.06,0.06,0.07,0.07,0.07,0.07,0.07,0.07,0.06,0.06,0.06,2,4.5,4.5,589
Traore,Wolves,20,3,1.81,2.06,2.14,2.49,1.8,2.2,2.06,2.11,2.05,2.27,2.17,2.1,1.82,1.63,2.14,2.19,2.18,2.25,2.17,2.16,1.75,1.89,1.9,47,6.1,6.1,590
Vinagre,Wolves,20,2,0,0,0,0,0,0,0,0,0,0,0,0,0,0,0,0,0,0,0,0,0,0,0,0,4.1,4.1,591
Vitinha,Wolves,20,3,0.19,0.21,0.22,0.24,0.19,0.22,0.21,0.21,0.21,0.22,0.22,0.21,0.19,0.17,0.21,0.21,0.21,0.22,0.21,0.21,0.18,0.19,0.19,5,4.8,4.8,592